filename,prediction,true_label,confidence,is_failed,attention_jaw,attention_eyebrows,attention_nose,attention_eyes,attention_mouth,attention_forehead
03001.png,0,0,0.9999964,1,0,0,0,0,0,0
03002.png,0,0,0.99999785,1,0,0,0,0,0,0
03003.png,0,0,0.9999958,0,1,1,0,0,1,1
03004.png,0,0,0.9999943,0,1,1,0,0,0,1
03005.png,0,0,0.99999726,0,1,1,0,0,0,1
03006.png,0,0,0.9999963,0,1,0,0,0,0,0
03007.png,0,0,0.9999906,1,0,0,0,0,0,0
03008.png,0,0,0.99999535,0,1,0,0,0,1,1
03009.png,0,0,0.9999919,1,0,0,0,0,0,0
03010.png,0,0,0.99999726,1,0,0,0,0,0,0
03011.png,0,0,0.9999951,1,0,0,0,0,0,0
03012.png,0,0,0.99999774,0,1,1,0,0,0,1
03013.png,0,0,0.99997175,1,0,0,0,0,0,0
03014.png,0,0,0.9999969,0,1,0,1,0,0,1
03015.png,0,0,0.99999774,1,0,0,0,0,0,0
03016.png,0,0,0.99999595,0,1,1,1,1,0,1
03017.png,0,0,0.99999607,1,0,0,0,0,0,0
03018.png,0,0,0.9999902,0,1,0,1,1,0,1
03019.png,0,0,0.9999974,1,0,0,0,0,0,0
03020.png,0,0,0.99999666,1,0,0,0,0,0,0
03021.png,0,0,0.999997,1,0,0,0,0,0,0
03022.png,0,0,0.9999906,1,0,0,0,0,0,0
03023.png,0,0,0.99999523,0,1,0,0,0,0,1
03024.png,0,0,0.9999976,1,0,0,0,0,0,0
03025.png,0,0,0.9999968,0,1,0,0,0,0,1
03026.png,0,0,0.9999738,1,0,0,0,0,0,0
03027.png,0,0,0.9999969,1,0,0,0,0,0,0
03028.png,0,0,0.99999785,1,0,0,0,0,0,0
03029.png,0,0,0.9999949,1,0,0,0,0,0,0
03030.png,0,0,0.9999949,1,0,0,0,0,0,0
03031.png,0,0,0.999997,0,1,1,1,0,0,1
03032.png,0,0,0.999997,1,0,0,0,0,0,0
03033.png,0,0,0.9999969,0,1,1,0,1,0,1
03034.png,0,0,0.9999877,0,1,0,1,1,1,1
03035.png,0,0,0.9999838,0,1,0,1,1,0,1
03036.png,0,0,0.99999726,0,1,1,0,0,0,1
03037.png,0,0,0.99999666,1,0,0,0,0,0,0
03038.png,0,0,0.99999523,1,0,0,0,0,0,0
03039.png,0,0,0.9999883,1,0,0,0,0,0,0
03040.png,0,0,0.9999776,0,1,0,0,0,1,0
03041.png,0,0,0.9999943,1,0,0,0,0,0,0
03042.png,0,0,0.9999974,1,0,0,0,0,0,0
03043.png,0,0,0.9999969,1,0,0,0,0,0,0
03044.png,0,0,0.999997,1,0,0,0,0,0,0
03045.png,0,0,0.9999908,1,0,0,0,0,0,0
03046.png,0,0,0.9999924,0,1,1,1,0,1,1
03047.png,0,0,0.9999968,1,0,0,0,0,0,0
03048.png,0,0,0.9999924,1,0,0,0,0,0,0
03049.png,0,0,0.99999297,1,0,0,0,0,0,0
03050.png,0,0,0.99999714,0,1,1,1,0,0,1
03051.png,0,0,0.99999154,0,1,0,0,0,0,1
03052.png,0,0,0.9999958,1,0,0,0,0,0,0
03053.png,0,0,0.99999666,1,0,0,0,0,0,0
03054.png,0,0,0.99999726,1,0,0,0,0,0,0
03055.png,0,0,0.99999666,1,0,0,0,0,0,0
03056.png,0,0,0.9999976,1,0,0,0,0,0,0
03057.png,0,0,0.9999968,0,1,0,0,0,0,1
03058.png,0,0,0.9999969,1,0,0,0,0,0,0
03059.png,0,0,0.99999607,0,1,1,1,1,0,1
03060.png,0,0,0.99999666,1,0,0,0,0,0,0
03061.png,0,0,0.9999893,1,0,0,0,0,0,0
03062.png,0,0,0.99999595,1,0,0,0,0,0,0
03063.png,0,0,0.99998784,0,1,1,0,0,0,1
03064.png,0,0,0.99999785,1,0,0,0,0,0,0
03065.png,0,0,0.99999595,1,0,0,0,0,0,0
03066.png,0,0,0.99999714,0,1,1,1,0,0,1
03067.png,0,0,0.9999976,1,0,0,0,0,0,0
03068.png,0,0,0.999987,0,1,1,1,1,1,1
03069.png,0,0,0.99999523,0,0,0,0,0,0,1
03070.png,0,0,0.9999975,1,0,0,0,0,0,0
03071.png,0,0,0.99999726,0,0,0,0,0,0,0
03072.png,0,0,0.9999956,0,1,1,0,0,1,1
03073.png,0,0,0.99999464,0,1,0,0,0,0,1
03074.png,0,0,0.99999654,1,0,0,0,0,0,0
03075.png,0,0,0.99999654,0,1,1,1,0,0,1
03076.png,0,0,0.9999788,1,0,0,0,0,0,0
03077.png,0,0,0.99999654,1,0,0,0,0,0,0
03078.png,0,0,0.9999968,1,0,0,0,0,0,0
03079.png,0,0,0.9999974,1,0,0,0,0,0,0
03080.png,0,0,0.99999726,0,1,0,0,0,0,1
03081.png,0,0,0.99999464,0,1,1,0,1,0,1
03082.png,0,0,0.9999963,0,1,0,0,0,0,0
03083.png,0,0,0.9999968,0,1,0,0,0,0,1
03084.png,0,0,0.99999595,0,1,0,0,0,0,1
03085.png,0,0,0.99999666,1,0,0,0,0,0,0
03086.png,0,0,0.99999726,0,0,0,0,0,0,0
03087.png,0,0,0.9999969,0,1,0,1,0,0,1
03088.png,0,0,0.99999344,1,0,0,0,0,0,0
03089.png,0,0,0.9999919,1,0,0,0,0,0,0
03090.png,0,0,0.99999297,1,0,0,0,0,0,0
03091.png,0,0,0.9999962,0,1,0,0,0,0,0
03092.png,0,0,0.99999714,1,0,0,0,0,0,0
03093.png,0,0,0.999997,1,0,0,0,0,0,0
03094.png,0,0,0.9999908,1,0,0,0,0,0,0
03095.png,0,0,0.9999963,1,0,0,0,0,0,0
03096.png,0,0,0.9999963,1,0,0,0,0,0,0
03097.png,0,0,0.99999595,0,1,1,1,1,0,1
03098.png,0,0,0.9999956,1,0,0,0,0,0,0
03099.png,0,0,0.9999949,1,0,0,0,0,0,0
03100.png,0,0,0.9999974,0,1,1,0,0,0,1
03101.png,0,0,0.9999893,1,0,0,0,0,0,0
03102.png,0,0,0.999997,1,0,0,0,0,0,0
03103.png,0,0,0.9999918,1,0,0,0,0,0,0
03104.png,0,0,0.999997,1,0,0,0,0,0,0
03105.png,0,0,0.99999654,0,1,0,1,0,0,1
03106.png,0,0,0.9999963,0,1,0,0,0,0,0
03107.png,0,0,0.99999523,0,1,0,0,0,0,1
03108.png,0,0,0.99999666,1,0,0,0,0,0,0
03109.png,0,0,0.9999957,0,1,1,1,1,1,1
03110.png,0,0,0.99998784,0,1,1,0,0,0,1
03111.png,0,0,0.99999666,1,0,0,0,0,0,0
03112.png,0,0,0.9999968,1,0,0,0,0,0,0
03113.png,0,0,0.99999595,1,0,0,0,0,0,0
03114.png,0,0,0.9999962,1,0,0,0,0,0,0
03115.png,0,0,0.99999535,0,1,1,0,1,0,1
03116.png,0,0,0.99999535,1,0,0,0,0,0,0
03117.png,0,0,0.9999919,1,0,0,0,0,0,0
03118.png,0,0,0.9999951,1,0,0,0,0,0,0
03119.png,0,0,0.9999963,1,0,0,0,0,0,0
03120.png,0,0,0.99999607,1,0,0,0,0,0,0
03121.png,0,0,0.9999975,0,1,0,0,0,0,1
03122.png,0,0,0.99999726,0,0,0,0,0,0,0
03123.png,0,0,0.9999796,0,1,1,1,1,0,1
03124.png,0,0,0.99999595,1,0,0,0,0,0,0
03125.png,0,0,0.999997,1,0,0,0,0,0,0
03126.png,0,0,0.99999726,1,0,0,0,0,0,0
03127.png,0,0,0.9999962,1,0,0,0,0,0,0
03128.png,0,0,0.99999535,1,0,0,0,0,0,0
03129.png,0,0,0.9999838,0,1,0,1,1,0,1
03130.png,0,0,0.99999785,1,0,0,0,0,0,0
03131.png,0,0,0.99999774,0,1,0,0,0,0,1
03132.png,0,0,0.99999535,1,0,0,0,0,0,0
03133.png,0,0,0.99999714,1,0,0,0,0,0,0
03134.png,0,0,0.9999963,0,1,0,0,0,0,0
03135.png,0,0,0.99999535,0,1,1,0,1,0,1
03136.png,0,0,0.99999666,1,0,0,0,0,0,0
03137.png,0,0,0.99999607,1,0,0,0,0,0,0
03138.png,0,0,0.9999951,1,0,0,0,0,0,0
03139.png,0,0,0.9999788,1,0,0,0,0,0,0
03140.png,0,0,0.99999535,1,0,0,0,0,0,0
03141.png,0,0,0.99999523,1,0,0,0,0,0,0
03142.png,0,0,0.99999666,1,0,0,0,0,0,0
03143.png,0,0,0.9999788,1,0,0,0,0,0,0
03144.png,0,0,0.9999968,0,1,1,1,0,0,1
03145.png,0,0,0.99999654,1,0,0,0,0,0,0
03146.png,0,0,0.9999975,0,1,1,0,1,0,1
03147.png,0,0,0.99999475,1,0,0,0,0,0,0
03148.png,0,0,0.99999595,1,0,0,0,0,0,0
03149.png,0,0,0.99999714,0,1,1,1,0,0,1
03150.png,0,0,0.9999957,1,0,0,0,0,0,0
03151.png,0,0,0.99999523,1,0,0,0,0,0,0
03152.png,0,0,0.99999654,0,1,0,1,1,1,1
03153.png,0,0,0.99996746,1,0,0,0,0,0,0
03154.png,0,0,0.9999969,1,0,0,0,0,0,0
03155.png,0,0,0.9999974,0,1,1,0,0,0,1
03156.png,0,0,0.9999938,1,0,0,0,0,0,0
03157.png,0,0,0.9999974,0,1,0,0,1,0,0
03158.png,0,0,0.99999285,0,1,0,0,1,0,1
03159.png,0,0,0.99999523,1,0,0,0,0,0,0
03160.png,0,0,0.99999774,0,1,1,0,0,0,1
03161.png,0,0,0.99999654,0,1,0,1,1,1,1
03162.png,0,0,0.9999968,0,0,0,0,0,0,1
03163.png,0,0,0.9999968,1,0,0,0,0,0,0
03164.png,0,0,0.9999902,0,1,0,1,1,0,1
03165.png,0,0,0.9999975,1,0,0,0,0,0,0
03166.png,0,0,0.99999464,0,1,1,0,1,0,1
03167.png,0,0,0.99999654,0,1,0,0,0,0,1
03168.png,0,0,0.9999974,1,0,0,0,0,0,0
03169.png,0,0,0.99999774,0,1,0,0,0,0,1
03170.png,0,0,0.99999523,0,1,0,0,0,0,1
03171.png,0,0,0.99999475,1,0,0,0,0,0,0
03172.png,0,0,0.9999788,1,0,0,0,0,0,0
03173.png,0,0,0.9999974,0,1,1,0,0,0,1
03174.png,0,0,0.9999974,0,1,0,0,1,0,0
03175.png,0,0,0.9999956,1,0,0,0,0,0,0
03176.png,0,0,0.9999776,0,1,0,0,0,1,0
03177.png,0,0,0.99999726,1,0,0,0,0,0,0
03178.png,0,0,0.999997,0,1,1,0,0,0,1
03179.png,0,0,0.99999595,1,0,0,0,0,0,0
03180.png,0,0,0.9999776,0,1,0,0,0,1,0
03181.png,0,0,0.99999666,1,0,0,0,0,0,0
03182.png,0,0,0.9999956,1,0,0,0,0,0,0
03183.png,0,0,0.9999956,0,1,1,0,0,1,1
03184.png,0,0,0.99999607,1,0,0,0,0,0,0
03185.png,0,0,0.9999957,0,1,1,1,1,1,1
03186.png,0,0,0.9999969,0,1,1,1,0,0,1
03187.png,0,0,0.9999968,1,0,0,0,0,0,0
03188.png,0,0,0.9999968,1,0,0,0,0,0,0
03189.png,0,0,0.9999968,1,0,0,0,0,0,0
03190.png,0,0,0.99997866,0,0,0,0,0,0,0
03191.png,0,0,0.99999535,1,0,0,0,0,0,0
03192.png,0,0,0.99999666,0,1,1,0,0,0,1
03193.png,0,0,0.9999969,1,0,0,0,0,0,0
03194.png,0,0,0.9999969,1,0,0,0,0,0,0
03195.png,0,0,0.9999962,1,0,0,0,0,0,0
03196.png,0,0,0.99999154,0,1,0,0,0,0,1
03197.png,0,0,0.9999962,0,1,0,0,0,0,0
03198.png,0,0,0.9999932,1,0,0,0,0,0,0
03199.png,0,0,0.9999776,0,1,0,0,0,1,0
03200.png,0,0,0.99999607,1,0,0,0,0,0,0
03201.png,0,0,0.9999969,1,0,0,0,0,0,0
03202.png,0,0,0.99999714,0,1,0,0,0,1,0
03203.png,0,0,0.9999937,1,0,0,0,0,0,0
03204.png,0,0,0.9999969,0,1,1,0,0,0,1
03205.png,0,0,0.99999654,1,0,0,0,0,0,0
03206.png,0,0,0.99999475,1,0,0,0,0,0,0
03207.png,0,0,0.99999607,0,1,1,1,1,0,1
03208.png,0,0,0.99999785,1,0,0,0,0,0,0
03209.png,0,0,0.99999726,1,0,0,0,0,0,0
03210.png,0,0,0.9999963,1,0,0,0,0,0,0
03211.png,0,0,0.9999957,0,1,0,0,0,0,1
03212.png,0,0,0.99999726,1,0,0,0,0,0,0
03213.png,0,0,0.9999963,0,1,0,0,0,0,0
03214.png,0,0,0.9999951,0,1,0,0,0,0,0
03215.png,0,0,0.9999975,1,0,0,0,0,0,0
03216.png,0,0,0.9999788,1,0,0,0,0,0,0
03217.png,0,0,0.9999956,1,0,0,0,0,0,0
03218.png,0,0,0.9999976,1,0,0,0,0,0,0
03219.png,0,0,0.99999666,1,0,0,0,0,0,0
03220.png,0,0,0.9999968,0,1,1,1,0,0,1
03221.png,0,0,0.99999475,1,0,0,0,0,0,0
03222.png,0,0,0.9999738,1,0,0,0,0,0,0
03223.png,0,0,0.999997,1,0,0,0,0,0,0
03224.png,0,0,0.9999788,1,0,0,0,0,0,0
03225.png,0,0,0.999997,1,0,0,0,0,0,0
03226.png,0,0,0.9999976,1,0,0,0,0,0,0
03227.png,0,0,0.9999958,1,0,0,0,0,0,0
03228.png,0,0,0.99999785,1,0,0,0,0,0,0
03229.png,0,0,0.99998784,0,1,1,0,0,0,1
03230.png,0,0,0.9999838,0,1,0,1,1,0,1
03231.png,0,0,0.9999974,0,1,1,1,1,0,1
03232.png,0,0,0.9999963,1,0,0,0,0,0,0
03233.png,0,0,0.9999963,0,1,0,0,0,0,0
03234.png,0,0,0.99999595,0,1,1,0,0,0,1
03235.png,0,0,0.9999796,0,1,1,1,1,0,1
03236.png,0,0,0.999987,0,1,1,1,1,1,1
03237.png,0,0,0.9999958,0,1,1,0,0,1,0
03238.png,0,0,0.99999666,1,0,0,0,0,0,0
03239.png,0,0,0.9999974,1,0,0,0,0,0,0
03240.png,0,0,0.9999932,1,0,0,0,0,0,0
03241.png,0,0,0.9999958,0,1,1,0,0,1,0
03242.png,0,0,0.99999654,0,1,0,1,1,1,1
03243.png,0,0,0.99999154,0,1,0,0,0,0,1
03244.png,0,0,0.9999924,1,0,0,0,0,0,0
03245.png,0,0,0.99999726,0,1,1,0,0,0,1
03246.png,0,0,0.99999475,1,0,0,0,0,0,0
03247.png,0,0,0.99999285,0,1,0,0,1,0,1
03248.png,0,0,0.9999839,0,1,0,0,0,0,1
03249.png,0,0,0.9999957,0,1,1,1,1,0,1
03250.png,0,0,0.9999924,1,0,0,0,0,0,0
03251.png,0,0,0.9999956,1,0,0,0,0,0,0
03252.png,0,0,0.99999535,0,1,1,0,1,0,1
03253.png,0,0,0.99999535,1,0,0,0,0,0,0
03254.png,0,0,0.9999839,0,1,0,0,0,0,1
03255.png,0,0,0.99999595,1,0,0,0,0,0,0
03256.png,0,0,0.99998784,0,1,1,0,0,0,1
03257.png,0,0,0.9999956,1,0,0,0,0,0,0
03258.png,0,0,0.99999666,1,0,0,0,0,0,0
03259.png,0,0,0.99999523,0,1,0,0,0,0,1
03260.png,0,0,0.9999962,0,1,0,0,0,0,0
03261.png,0,0,0.9999949,1,0,0,0,0,0,0
03262.png,0,0,0.9999958,1,0,0,0,0,0,0
03263.png,0,0,0.99999654,0,1,0,1,0,0,1
03264.png,0,0,0.99999607,0,1,1,0,1,0,1
03265.png,0,0,0.99999595,0,1,0,0,0,0,1
03266.png,0,0,0.9999962,1,0,0,0,0,0,0
03267.png,0,0,0.9999924,1,0,0,0,0,0,0
03268.png,0,0,0.9999893,1,0,0,0,0,0,0
03269.png,0,0,0.99999595,1,0,0,0,0,0,0
03270.png,0,0,0.9999964,1,0,0,0,0,0,0
03271.png,0,0,0.99999464,1,0,0,0,0,0,0
03272.png,0,0,0.99999726,1,0,0,0,0,0,0
03273.png,0,0,0.9999958,1,0,0,0,0,0,0
03274.png,0,0,0.99999535,0,1,0,0,0,1,1
03275.png,0,0,0.99999523,0,1,0,0,0,0,1
03276.png,0,0,0.99999154,0,1,0,0,0,0,1
03277.png,0,0,0.9999969,0,0,0,0,0,0,1
03278.png,0,0,0.9999957,0,1,1,1,1,0,1
03279.png,0,0,0.9999968,1,0,0,0,0,0,0
03280.png,0,0,0.999995,1,0,0,0,0,0,0
03281.png,0,0,0.9999974,1,0,0,0,0,0,0
03282.png,0,0,0.9999958,0,1,1,0,0,1,0
03283.png,0,0,0.99999774,1,0,0,0,0,0,0
03284.png,0,0,0.99999285,0,1,0,0,1,0,1
03285.png,0,0,0.99999726,1,0,0,0,0,0,0
03286.png,0,0,0.9999969,0,1,0,0,0,0,1
03287.png,0,0,0.9999738,1,0,0,0,0,0,0
03288.png,0,0,0.9999958,1,0,0,0,0,0,0
03289.png,0,0,0.9999918,1,0,0,0,0,0,0
03290.png,0,0,0.9999951,0,1,1,1,1,0,1
03291.png,0,0,0.9999963,1,0,0,0,0,0,0
03292.png,0,0,0.999995,1,0,0,0,0,0,0
03293.png,0,0,0.99999154,0,1,0,0,0,0,1
03294.png,0,0,0.99999774,0,1,1,0,0,0,1
03295.png,0,0,0.9999957,0,0,0,0,0,0,0
03296.png,0,0,0.9999958,0,1,1,0,0,1,1
03297.png,0,0,0.9999958,0,1,1,0,0,1,1
03298.png,0,0,0.9999964,1,0,0,0,0,0,0
03299.png,0,0,0.9999962,0,1,0,0,0,0,0
03300.png,0,0,0.9999951,1,0,0,0,0,0,0
03301.png,0,0,0.9999957,0,1,0,0,0,0,1
03302.png,0,0,0.99999464,1,0,0,0,0,0,0
03303.png,0,0,0.99999607,1,0,0,0,0,0,0
03304.png,0,0,0.9999738,1,0,0,0,0,0,0
03305.png,0,0,0.999997,1,0,0,0,0,0,0
03306.png,0,0,0.9999938,1,0,0,0,0,0,0
03307.png,0,0,0.99999475,1,0,0,0,0,0,0
03308.png,0,0,0.99999666,0,0,0,0,0,0,1
03309.png,0,0,0.9999957,0,1,0,0,0,0,1
03310.png,0,0,0.99999714,1,0,0,0,0,0,0
03311.png,0,0,0.9999962,1,0,0,0,0,0,0
03312.png,0,0,0.9999968,1,0,0,0,0,0,0
03313.png,0,0,0.99997175,1,0,0,0,0,0,0
03314.png,0,0,0.99999297,0,1,0,0,0,0,1
03315.png,0,0,0.9999975,1,0,0,0,0,0,0
03316.png,0,0,0.9999969,0,1,0,1,0,0,1
03317.png,0,0,0.99998784,0,1,1,0,0,0,1
03318.png,0,0,0.9999943,0,1,1,0,0,0,1
03319.png,0,0,0.9999968,0,1,0,0,0,1,1
03320.png,0,0,0.99999535,1,0,0,0,0,0,0
03321.png,0,0,0.99999654,0,1,0,1,1,1,1
03322.png,0,0,0.9999957,0,1,1,1,1,0,1
03323.png,0,0,0.9999918,1,0,0,0,0,0,0
03324.png,0,0,0.9999969,0,1,0,1,0,0,1
03325.png,0,0,0.9999974,0,1,1,0,0,0,1
03326.png,0,0,0.99999464,0,1,0,0,0,0,1
03327.png,0,0,0.99999666,1,0,0,0,0,0,0
03328.png,0,0,0.9999918,1,0,0,0,0,0,0
03329.png,0,0,0.99999714,0,1,0,0,0,1,0
03330.png,0,0,0.9999964,1,0,0,0,0,0,0
03331.png,0,0,0.99999666,1,0,0,0,0,0,0
03332.png,0,0,0.99999726,0,1,1,0,0,0,1
03333.png,0,0,0.99999774,0,1,1,0,0,0,1
03334.png,0,0,0.99999726,0,1,1,0,0,0,1
03335.png,0,0,0.9999974,0,1,1,1,0,0,1
03336.png,0,0,0.9999974,1,0,0,0,0,0,0
03337.png,0,0,0.9999962,1,0,0,0,0,0,0
03338.png,0,0,0.99999607,1,0,0,0,0,0,0
03339.png,0,0,0.9999962,0,1,0,0,0,0,0
03340.png,0,0,0.9999839,0,1,0,0,0,0,1
03341.png,0,0,0.9999958,1,0,0,0,0,0,0
03342.png,0,0,0.9999958,1,0,0,0,0,0,0
03343.png,0,0,0.99999666,0,1,1,1,0,0,1
03344.png,0,0,0.99999607,1,0,0,0,0,0,0
03345.png,0,0,0.999997,1,0,0,0,0,0,0
03346.png,0,0,0.99999595,0,1,0,0,0,0,1
03347.png,0,0,0.99999666,0,0,0,0,0,0,1
03348.png,0,0,0.9999975,0,1,0,0,0,0,1
03349.png,0,0,0.9999956,0,1,1,0,0,1,1
03350.png,0,0,0.9999788,1,0,0,0,0,0,0
03351.png,0,0,0.999995,1,0,0,0,0,0,0
03352.png,0,0,0.999997,1,0,0,0,0,0,0
03353.png,0,0,0.999987,0,1,1,1,1,1,1
03354.png,0,0,0.99999404,1,0,0,0,0,0,0
03355.png,0,0,0.9999956,0,1,1,0,0,1,1
03356.png,0,0,0.99999475,1,0,0,0,0,0,0
03357.png,0,0,0.99999464,0,1,1,0,1,0,1
03358.png,0,0,0.9999963,0,1,0,0,0,0,0
03359.png,0,0,0.99999523,0,1,0,0,0,0,1
03360.png,0,0,0.99999607,1,0,0,0,0,0,0
03361.png,0,0,0.99999094,1,0,0,0,0,0,0
03362.png,0,0,0.99999535,0,1,0,0,0,1,1
03363.png,0,0,0.99999726,1,0,0,0,0,0,0
03364.png,0,0,0.9999956,0,1,1,0,0,1,1
03365.png,0,0,0.99999654,0,1,0,1,0,0,1
03366.png,0,0,0.9999957,0,0,0,0,0,0,0
03367.png,0,0,0.9999906,1,0,0,0,0,0,0
03368.png,0,0,0.99999607,1,0,0,0,0,0,0
03369.png,0,0,0.9999969,0,1,0,0,0,0,0
03370.png,0,0,0.999997,1,0,0,0,0,0,0
03371.png,0,0,0.99996066,1,0,0,0,0,0,0
03372.png,0,0,0.99999607,1,0,0,0,0,0,0
03373.png,0,0,0.9999975,1,0,0,0,0,0,0
03374.png,0,0,0.99999595,1,0,0,0,0,0,0
03375.png,0,0,0.99999654,1,0,0,0,0,0,0
03376.png,0,0,0.99999607,0,1,1,1,1,0,1
03377.png,0,0,0.99999595,0,1,1,1,1,0,1
03378.png,0,0,0.99999666,1,0,0,0,0,0,0
03379.png,0,0,0.9999968,1,0,0,0,0,0,0
03380.png,0,0,0.99999726,1,0,0,0,0,0,0
03381.png,0,0,0.9999974,0,1,1,1,0,0,1
03382.png,0,0,0.9999968,0,0,0,0,0,0,1
03383.png,0,0,0.9999963,1,0,0,0,0,0,0
03384.png,0,0,0.99999666,0,1,1,0,0,0,1
03385.png,0,0,0.9999969,0,0,0,0,0,0,1
03386.png,0,0,0.9999908,1,0,0,0,0,0,0
03387.png,0,0,0.9999957,0,1,1,1,1,1,1
03388.png,0,0,0.9999893,1,0,0,0,0,0,0
03389.png,0,0,0.99999535,1,0,0,0,0,0,0
03390.png,0,0,0.99999595,1,0,0,0,0,0,0
03391.png,0,0,0.999997,0,1,1,0,0,0,1
03392.png,0,0,0.99998784,0,1,1,0,0,0,1
03393.png,0,0,0.9999975,1,0,0,0,0,0,0
03394.png,0,0,0.99999464,0,1,1,0,1,0,1
03395.png,0,0,0.9999968,0,1,0,0,0,0,1
03396.png,0,0,0.99997866,0,0,0,0,0,0,0
03397.png,0,0,0.9999968,1,0,0,0,0,0,0
03398.png,0,0,0.99997866,0,0,0,0,0,0,0
03399.png,0,0,0.999997,0,1,1,0,0,0,1
03400.png,0,0,0.9999943,1,0,0,0,0,0,0
03401.png,0,0,0.99999726,0,0,0,0,0,0,0
03402.png,0,0,0.99999714,0,1,1,0,0,0,1
03403.png,0,0,0.9999969,0,1,1,1,0,0,1
03404.png,0,0,0.9999968,0,1,0,0,0,1,1
03405.png,0,0,0.99999654,0,1,0,1,1,1,1
03406.png,0,0,0.99999464,0,1,1,0,1,0,1
03407.png,0,0,0.99999714,0,1,0,1,0,0,1
03408.png,0,0,0.9999974,0,1,1,1,1,0,1
03409.png,0,0,0.9999974,0,1,1,1,0,0,1
03410.png,0,0,0.9999975,0,1,1,0,1,0,1
03411.png,0,0,0.9999975,1,0,0,0,0,0,0
03412.png,0,0,0.9999957,0,1,1,1,1,0,1
03413.png,0,0,0.9999969,1,0,0,0,0,0,0
03414.png,0,0,0.9999975,1,0,0,0,0,0,0
03415.png,0,0,0.99999523,1,0,0,0,0,0,0
03416.png,0,0,0.9999974,1,0,0,0,0,0,0
03417.png,0,0,0.99999285,0,1,0,0,1,0,1
03418.png,0,0,0.99999666,1,0,0,0,0,0,0
03419.png,0,0,0.99999774,0,1,0,0,0,0,1
03420.png,0,0,0.9999956,1,0,0,0,0,0,0
03421.png,0,0,0.9999838,0,1,0,1,1,0,1
03422.png,0,0,0.9999957,1,0,0,0,0,0,0
03423.png,0,0,0.9999796,0,1,1,1,1,0,1
03424.png,0,0,0.9999968,0,1,0,0,0,0,1
03425.png,0,0,0.9999949,1,0,0,0,0,0,0
03426.png,0,0,0.9999963,0,1,0,0,0,0,0
03427.png,0,0,0.99999714,1,0,0,0,0,0,0
03428.png,0,0,0.9999968,1,0,0,0,0,0,0
03429.png,0,0,0.9999918,1,0,0,0,0,0,0
03430.png,0,0,0.999997,0,1,0,0,0,0,0
03431.png,0,0,0.99999666,1,0,0,0,0,0,0
03432.png,0,0,0.9999974,1,0,0,0,0,0,0
03433.png,0,0,0.9999968,0,0,0,0,0,0,1
03434.png,0,0,0.9999969,0,1,0,1,0,0,1
03435.png,0,0,0.99999666,0,1,1,1,0,0,1
03436.png,0,0,0.99999464,1,0,0,0,0,0,0
03437.png,0,0,0.99999607,1,0,0,0,0,0,0
03438.png,0,0,0.99999666,1,0,0,0,0,0,0
03439.png,0,0,0.99999666,1,0,0,0,0,0,0
03440.png,0,0,0.999997,1,0,0,0,0,0,0
03441.png,0,0,0.9999968,0,0,0,0,0,0,1
03442.png,0,0,0.99999785,1,0,0,0,0,0,0
03443.png,0,0,0.999995,1,0,0,0,0,0,0
03444.png,0,0,0.99999475,1,0,0,0,0,0,0
03445.png,0,0,0.9999958,0,1,1,0,0,1,0
03446.png,0,0,0.9999969,1,0,0,0,0,0,0
03447.png,0,0,0.999995,1,0,0,0,0,0,0
03448.png,0,0,0.9999957,0,1,0,0,0,0,1
03449.png,0,0,0.99999535,0,1,1,0,1,0,1
03450.png,0,0,0.99999607,1,0,0,0,0,0,0
03451.png,0,0,0.9999975,1,0,0,0,0,0,0
03452.png,0,0,0.9999918,1,0,0,0,0,0,0
03453.png,0,0,0.9999975,1,0,0,0,0,0,0
03454.png,0,0,0.9999964,1,0,0,0,0,0,0
03455.png,0,0,0.9999788,1,0,0,0,0,0,0
03456.png,0,0,0.9999974,0,1,1,1,0,0,1
03457.png,0,0,0.99999285,0,1,0,0,1,0,1
03458.png,0,0,0.9999924,1,0,0,0,0,0,0
03459.png,0,0,0.9999738,1,0,0,0,0,0,0
03460.png,0,0,0.9999968,0,1,0,0,0,0,1
03461.png,0,0,0.9999976,1,0,0,0,0,0,0
03462.png,0,0,0.99999654,0,1,1,1,0,0,1
03463.png,0,0,0.9999976,1,0,0,0,0,0,0
03464.png,0,0,0.99999535,0,1,0,0,0,1,1
03465.png,0,0,0.9999938,1,0,0,0,0,0,0
03466.png,0,0,0.99999475,1,0,0,0,0,0,0
03467.png,0,0,0.9999275,0,1,1,1,1,0,1
03468.png,0,0,0.99999714,0,1,0,0,0,1,0
03469.png,0,0,0.9999949,1,0,0,0,0,0,0
03470.png,0,0,0.9999974,0,1,1,1,0,0,1
03471.png,0,0,0.9999968,0,1,0,0,0,0,1
03472.png,0,0,0.9999943,0,1,1,0,1,0,1
03473.png,0,0,0.99999523,0,1,0,0,0,0,1
03474.png,0,0,0.99999666,1,0,0,0,0,0,0
03475.png,0,0,0.99999714,0,1,1,1,0,0,1
03476.png,0,0,0.9999902,0,1,0,1,1,0,1
03477.png,0,0,0.9999969,1,0,0,0,0,0,0
03478.png,0,0,0.99999666,1,0,0,0,0,0,0
03479.png,0,0,0.99999774,1,0,0,0,0,0,0
03480.png,0,0,0.9999956,1,0,0,0,0,0,0
03481.png,0,0,0.9999788,1,0,0,0,0,0,0
03482.png,0,0,0.9999974,1,0,0,0,0,0,0
03483.png,0,0,0.9999951,0,1,1,1,1,0,1
03484.png,0,0,0.99999535,1,0,0,0,0,0,0
03485.png,0,0,0.99999535,0,1,0,0,0,1,1
03486.png,0,0,0.9999975,1,0,0,0,0,0,0
03487.png,0,0,0.9999956,1,0,0,0,0,0,0
03488.png,0,0,0.99996066,1,0,0,0,0,0,0
03489.png,0,0,0.9999908,1,0,0,0,0,0,0
03490.png,0,0,0.999997,1,0,0,0,0,0,0
03491.png,0,0,0.9999957,0,1,1,1,1,1,1
03492.png,0,0,0.9999974,0,1,1,0,0,0,1
03493.png,0,0,0.9999893,1,0,0,0,0,0,0
03494.png,0,0,0.99999654,0,1,1,1,0,0,1
03495.png,0,0,0.9999969,1,0,0,0,0,0,0
03496.png,0,0,0.9999975,1,0,0,0,0,0,0
03497.png,0,0,0.999997,1,0,0,0,0,0,0
03498.png,0,0,0.9999974,0,1,0,0,1,0,0
03499.png,0,0,0.9999956,1,0,0,0,0,0,0
03500.png,0,0,0.9999956,1,0,0,0,0,0,0
03501.png,0,0,0.9999969,1,0,0,0,0,0,0
03502.png,0,0,0.99999654,0,1,1,1,0,0,1
03503.png,0,0,0.9999969,0,1,1,1,0,0,1
03504.png,0,0,0.9999975,0,1,1,0,1,0,1
03505.png,0,0,0.9999856,0,1,1,0,0,0,1
03506.png,0,0,0.9999968,1,0,0,0,0,0,0
03507.png,0,0,0.99997866,0,0,0,0,0,0,0
03508.png,0,0,0.99999714,0,1,0,1,0,0,1
03509.png,0,0,0.99999654,0,1,0,1,0,0,1
03510.png,0,0,0.9999969,0,1,1,1,0,0,1
03511.png,0,0,0.9999963,1,0,0,0,0,0,0
03512.png,0,0,0.99999726,0,1,1,0,0,0,1
03513.png,0,0,0.99999607,1,0,0,0,0,0,0
03514.png,0,0,0.9999815,1,0,0,0,0,0,0
03515.png,0,0,0.9999962,1,0,0,0,0,0,0
03516.png,0,0,0.9999839,0,1,0,0,0,0,1
03517.png,0,0,0.99999726,1,0,0,0,0,0,0
03518.png,0,0,0.99999666,1,0,0,0,0,0,0
03519.png,0,0,0.99999726,0,1,1,0,0,0,1
03520.png,0,0,0.99999297,1,0,0,0,0,0,0
03521.png,0,0,0.99999535,0,1,0,0,0,1,1
03522.png,0,0,0.99999666,1,0,0,0,0,0,0
03523.png,0,0,0.99999464,0,1,0,0,0,0,1
03524.png,0,0,0.9999951,1,0,0,0,0,0,0
03525.png,0,0,0.9999951,0,1,0,0,0,0,0
03526.png,0,0,0.9999949,1,0,0,0,0,0,0
03527.png,0,0,0.99999774,0,1,1,0,0,0,1
03528.png,0,0,0.999987,0,1,1,1,1,1,1
03529.png,0,0,0.9999969,1,0,0,0,0,0,0
03530.png,0,0,0.999995,1,0,0,0,0,0,0
03531.png,0,0,0.99999523,1,0,0,0,0,0,0
03532.png,0,0,0.99999774,0,1,0,0,0,0,1
03533.png,0,0,0.9999969,0,0,0,0,0,0,1
03534.png,0,0,0.9999943,1,0,0,0,0,0,0
03535.png,0,0,0.9999908,1,0,0,0,0,0,0
03536.png,0,0,0.999997,0,1,1,0,0,0,1
03537.png,0,0,0.99999297,0,0,0,0,0,0,0
03538.png,0,0,0.99999535,1,0,0,0,0,0,0
03539.png,0,0,0.9999963,1,0,0,0,0,0,0
03540.png,0,0,0.9999962,1,0,0,0,0,0,0
03541.png,0,0,0.99999714,0,1,0,1,0,0,1
03542.png,0,0,0.99999774,0,1,1,0,0,0,1
03543.png,0,0,0.99999666,0,1,1,0,0,0,1
03544.png,0,0,0.9999956,1,0,0,0,0,0,0
03545.png,0,0,0.9999949,1,0,0,0,0,0,0
03546.png,0,0,0.99999714,0,1,1,1,0,0,1
03547.png,0,0,0.9999956,1,0,0,0,0,0,0
03548.png,0,0,0.999997,1,0,0,0,0,0,0
03549.png,0,0,0.99999666,1,0,0,0,0,0,0
03550.png,0,0,0.9999968,1,0,0,0,0,0,0
03551.png,0,0,0.99999726,1,0,0,0,0,0,0
03552.png,0,0,0.9999976,1,0,0,0,0,0,0
03553.png,0,0,0.99999785,1,0,0,0,0,0,0
03554.png,0,0,0.9999943,0,1,1,0,1,0,1
03555.png,0,0,0.99999344,1,0,0,0,0,0,0
03556.png,0,0,0.9999963,1,0,0,0,0,0,0
03557.png,0,0,0.99999535,1,0,0,0,0,0,0
03558.png,0,0,0.9999968,1,0,0,0,0,0,0
03559.png,0,0,0.9999963,0,1,0,0,0,0,0
03560.png,0,0,0.9999957,1,0,0,0,0,0,0
03561.png,0,0,0.9999957,0,1,1,1,1,0,1
03562.png,0,0,0.99996066,1,0,0,0,0,0,0
03563.png,0,0,0.9999968,1,0,0,0,0,0,0
03564.png,0,0,0.9999956,0,1,1,0,0,1,1
03565.png,0,0,0.99999714,0,1,1,1,0,0,1
03566.png,0,0,0.99999154,0,1,0,0,0,0,1
03567.png,0,0,0.9999949,1,0,0,0,0,0,0
03568.png,0,0,0.99999714,0,1,1,1,0,0,1
03569.png,0,0,0.9999956,1,0,0,0,0,0,0
03570.png,0,0,0.9999949,1,0,0,0,0,0,0
03571.png,0,0,0.99999607,0,1,1,1,1,0,1
03572.png,0,0,0.9999877,0,1,0,1,1,1,1
03573.png,0,0,0.99999523,0,0,0,0,0,0,1
03574.png,0,0,0.9999974,0,1,1,1,0,0,1
03575.png,0,0,0.9999964,1,0,0,0,0,0,0
03576.png,0,0,0.99999607,0,1,1,1,1,0,1
03577.png,0,0,0.99999666,1,0,0,0,0,0,0
03578.png,0,0,0.99999654,0,1,0,0,0,0,1
03579.png,0,0,0.9999974,0,1,1,1,0,0,1
03580.png,0,0,0.99999726,0,0,0,0,0,0,0
03581.png,0,0,0.9999963,1,0,0,0,0,0,0
03582.png,0,0,0.99999666,0,1,1,0,0,0,1
03583.png,0,0,0.9999956,1,0,0,0,0,0,0
03584.png,0,0,0.9999275,0,1,1,1,1,0,1
03585.png,0,0,0.9999957,0,1,1,1,1,1,1
03586.png,0,0,0.9999949,1,0,0,0,0,0,0
03587.png,0,0,0.99999714,0,1,0,0,0,1,0
03588.png,0,0,0.99999666,1,0,0,0,0,0,0
03589.png,0,0,0.9999975,1,0,0,0,0,0,0
03590.png,0,0,0.99999654,0,1,0,0,0,0,1
03591.png,0,0,0.9999969,0,1,1,0,1,0,1
03592.png,0,0,0.99999726,1,0,0,0,0,0,0
03593.png,0,0,0.999997,1,0,0,0,0,0,0
03594.png,0,0,0.99999654,0,1,0,0,0,0,1
03595.png,0,0,0.999997,1,0,0,0,0,0,0
03596.png,0,0,0.99999714,0,1,0,0,0,1,0
03597.png,0,0,0.99999666,1,0,0,0,0,0,0
03598.png,0,0,0.9999964,1,0,0,0,0,0,0
03599.png,0,0,0.99999535,1,0,0,0,0,0,0
03600.png,0,0,0.9999974,1,0,0,0,0,0,0
03601.png,0,0,0.99999607,1,0,0,0,0,0,0
03602.png,0,0,0.9999968,1,0,0,0,0,0,0
03603.png,0,0,0.9999957,0,1,1,1,1,1,1
03604.png,0,0,0.9999969,1,0,0,0,0,0,0
03605.png,0,0,0.99999654,0,1,0,0,0,0,1
03606.png,0,0,0.99999774,0,1,1,0,0,0,1
03607.png,0,0,0.99999714,0,1,0,0,0,1,0
03608.png,0,0,0.99999595,0,1,1,1,1,0,1
03609.png,0,0,0.99999726,0,0,0,0,0,0,0
03610.png,0,0,0.99999666,1,0,0,0,0,0,0
03611.png,0,0,0.99999595,1,0,0,0,0,0,0
03612.png,0,0,0.99999547,0,1,0,0,0,0,1
03613.png,0,0,0.999997,1,0,0,0,0,0,0
03614.png,0,0,0.9999937,1,0,0,0,0,0,0
03615.png,0,0,0.9999958,0,1,1,0,0,1,0
03616.png,0,0,0.999997,1,0,0,0,0,0,0
03617.png,0,0,0.99999654,0,1,0,1,0,0,1
03618.png,0,0,0.9999957,0,1,0,0,0,0,1
03619.png,0,0,0.9999975,1,0,0,0,0,0,0
03620.png,0,0,0.9999958,1,0,0,0,0,0,0
03621.png,0,0,0.9999968,1,0,0,0,0,0,0
03622.png,0,0,0.99999607,1,0,0,0,0,0,0
03623.png,0,0,0.999997,0,1,0,0,0,0,0
03624.png,0,0,0.9999968,0,1,0,0,0,1,1
03625.png,0,0,0.999997,1,0,0,0,0,0,0
03626.png,0,0,0.999995,1,0,0,0,0,0,0
03627.png,0,0,0.99999726,0,1,0,0,0,0,1
03628.png,0,0,0.99999714,0,1,0,1,0,0,1
03629.png,0,0,0.9999976,1,0,0,0,0,0,0
03630.png,0,0,0.9999856,0,1,1,0,0,0,1
03631.png,0,0,0.99999774,0,1,0,0,0,0,1
03632.png,0,0,0.9999877,0,1,0,1,1,1,1
03633.png,0,0,0.9999968,0,0,0,0,0,0,1
03634.png,0,0,0.9999957,1,0,0,0,0,0,0
03635.png,0,0,0.9999969,0,1,0,1,0,0,1
03636.png,0,0,0.99999475,1,0,0,0,0,0,0
03637.png,0,0,0.999995,1,0,0,0,0,0,0
03638.png,0,0,0.99999607,1,0,0,0,0,0,0
03639.png,0,0,0.99999595,1,0,0,0,0,0,0
03640.png,0,0,0.9999975,1,0,0,0,0,0,0
03641.png,0,0,0.9999738,1,0,0,0,0,0,0
03642.png,0,0,0.9999957,1,0,0,0,0,0,0
03643.png,0,0,0.9999932,1,0,0,0,0,0,0
03644.png,0,0,0.99999154,0,1,0,0,0,0,1
03645.png,0,0,0.9999957,1,0,0,0,0,0,0
03646.png,0,0,0.99999297,1,0,0,0,0,0,0
03647.png,0,0,0.999995,1,0,0,0,0,0,0
03648.png,0,0,0.9999958,1,0,0,0,0,0,0
03649.png,0,0,0.9999976,1,0,0,0,0,0,0
03650.png,0,0,0.999995,1,0,0,0,0,0,0
03651.png,0,0,0.999997,1,0,0,0,0,0,0
03652.png,0,0,0.99999654,0,1,0,1,1,1,1
03653.png,0,0,0.999995,0,1,0,0,0,0,1
03654.png,0,0,0.999995,1,0,0,0,0,0,0
03655.png,0,0,0.9999968,1,0,0,0,0,0,0
03656.png,0,0,0.9999963,1,0,0,0,0,0,0
03657.png,0,0,0.99999714,0,1,1,1,0,0,1
03658.png,0,0,0.9999963,1,0,0,0,0,0,0
03659.png,0,0,0.9999968,0,1,0,0,0,1,1
03660.png,0,0,0.9999968,0,1,0,0,0,0,1
03661.png,0,0,0.9999958,1,0,0,0,0,0,0
03662.png,0,0,0.9999949,1,0,0,0,0,0,0
03663.png,0,0,0.99999714,0,1,1,1,0,0,1
03664.png,0,0,0.9999893,1,0,0,0,0,0,0
03665.png,0,0,0.999995,1,0,0,0,0,0,0
03666.png,0,0,0.9999968,0,1,0,0,0,1,1
03667.png,0,0,0.9999968,0,1,0,0,0,0,1
03668.png,0,0,0.99999726,0,0,0,0,0,0,0
03669.png,0,0,0.99999774,0,1,1,0,0,0,1
03670.png,0,0,0.999997,1,0,0,0,0,0,0
03671.png,0,0,0.99999297,1,0,0,0,0,0,0
03672.png,0,0,0.9999968,0,1,1,1,0,0,1
03673.png,0,0,0.9999969,1,0,0,0,0,0,0
03674.png,0,0,0.99999666,0,1,1,1,0,0,1
03675.png,0,0,0.9999969,0,1,0,0,0,0,1
03676.png,0,0,0.9999949,1,0,0,0,0,0,0
03677.png,0,0,0.9999951,0,1,0,0,0,0,0
03678.png,0,0,0.9999938,1,0,0,0,0,0,0
03679.png,0,0,0.99999595,0,1,0,0,0,0,1
03680.png,0,0,0.999997,1,0,0,0,0,0,0
03681.png,0,0,0.9999974,0,1,1,1,0,0,1
03682.png,0,0,0.99999535,0,1,0,0,0,1,1
03683.png,0,0,0.999997,1,0,0,0,0,0,0
03684.png,0,0,0.9999976,1,0,0,0,0,0,0
03685.png,0,0,0.99999595,1,0,0,0,0,0,0
03686.png,0,0,0.999997,0,1,0,0,0,0,0
03687.png,0,0,0.9999968,0,1,0,0,0,1,1
03688.png,0,0,0.9999968,1,0,0,0,0,0,0
03689.png,0,0,0.99999666,0,1,1,0,0,0,1
03690.png,0,0,0.9999776,0,1,0,0,0,1,0
03691.png,0,0,0.999987,0,1,1,1,1,1,1
03692.png,0,0,0.99999464,1,0,0,0,0,0,0
03693.png,0,0,0.99999523,0,1,0,0,0,0,1
03694.png,0,0,0.99999464,0,1,1,0,1,0,1
03695.png,0,0,0.9999877,0,1,0,1,1,1,1
03696.png,0,0,0.9999949,1,0,0,0,0,0,0
03697.png,0,0,0.99999666,1,0,0,0,0,0,0
03698.png,0,0,0.999997,1,0,0,0,0,0,0
03699.png,0,0,0.99999654,0,1,0,0,0,0,1
03700.png,0,0,0.99999666,1,0,0,0,0,0,0
03701.png,0,0,0.9999962,1,0,0,0,0,0,0
03702.png,0,0,0.99998784,0,1,1,0,0,0,1
03703.png,0,0,0.99999714,0,1,1,1,0,0,1
03704.png,0,0,0.9999957,1,0,0,0,0,0,0
03705.png,0,0,0.9999969,0,1,1,1,0,0,1
03706.png,0,0,0.9999975,1,0,0,0,0,0,0
03707.png,0,0,0.9999976,1,0,0,0,0,0,0
03708.png,0,0,0.99999595,0,1,1,0,0,0,1
03709.png,0,0,0.9999964,1,0,0,0,0,0,0
03710.png,0,0,0.99999607,1,0,0,0,0,0,0
03711.png,0,0,0.9999956,1,0,0,0,0,0,0
03712.png,0,0,0.9999968,1,0,0,0,0,0,0
03713.png,0,0,0.9999788,1,0,0,0,0,0,0
03714.png,0,0,0.9999738,1,0,0,0,0,0,0
03715.png,0,0,0.9999956,1,0,0,0,0,0,0
03716.png,0,0,0.9999974,1,0,0,0,0,0,0
03717.png,0,0,0.9999969,0,1,0,0,0,0,1
03718.png,0,0,0.99999654,1,0,0,0,0,0,0
03719.png,0,0,0.9999839,0,1,0,0,0,0,1
03720.png,0,0,0.9999927,1,0,0,0,0,0,0
03721.png,0,0,0.9999943,0,1,1,0,1,0,1
03722.png,0,0,0.99999595,0,1,1,1,1,0,1
03723.png,0,0,0.99999726,1,0,0,0,0,0,0
03724.png,0,0,0.9999968,0,1,0,0,0,0,1
03725.png,0,0,0.9999969,1,0,0,0,0,0,0
03726.png,0,0,0.99999464,1,0,0,0,0,0,0
03727.png,0,0,0.9999902,0,1,0,1,1,0,1
03728.png,0,0,0.9999839,0,1,0,0,0,0,1
03729.png,0,0,0.99999094,1,0,0,0,0,0,0
03730.png,0,0,0.9999776,0,1,0,0,0,1,0
03731.png,0,0,0.999995,1,0,0,0,0,0,0
03732.png,0,0,0.9999958,0,1,0,0,0,0,1
03733.png,0,0,0.9999877,0,1,0,1,1,1,1
03734.png,0,0,0.999995,0,1,0,0,0,0,1
03735.png,0,0,0.9999969,0,1,0,0,0,0,0
03736.png,0,0,0.9999927,1,0,0,0,0,0,0
03737.png,0,0,0.9999957,0,1,1,1,1,0,1
03738.png,0,0,0.99999666,1,0,0,0,0,0,0
03739.png,0,0,0.99999714,0,1,1,1,0,0,1
03740.png,0,0,0.999997,1,0,0,0,0,0,0
03741.png,0,0,0.9999976,1,0,0,0,0,0,0
03742.png,0,0,0.99999297,0,0,0,0,0,0,0
03743.png,0,0,0.9999957,1,0,0,0,0,0,0
03744.png,0,0,0.99999714,1,0,0,0,0,0,0
03745.png,0,0,0.99999774,0,1,0,0,0,0,1
03746.png,0,0,0.9999275,0,1,1,1,1,0,1
03747.png,0,0,0.9999974,0,1,1,0,0,0,1
03748.png,0,0,0.9999968,1,0,0,0,0,0,0
03749.png,0,0,0.9999969,0,1,1,0,0,0,1
03750.png,0,0,0.9999957,1,0,0,0,0,0,0
03751.png,0,0,0.99999154,0,1,0,0,0,0,1
03752.png,0,0,0.9999924,1,0,0,0,0,0,0
03753.png,0,0,0.99999535,0,1,0,0,0,1,1
03754.png,0,0,0.99999607,0,1,1,0,1,0,1
03755.png,0,0,0.9999932,1,0,0,0,0,0,0
03756.png,0,0,0.9999969,1,0,0,0,0,0,0
03757.png,0,0,0.999995,1,0,0,0,0,0,0
03758.png,0,0,0.9999963,1,0,0,0,0,0,0
03759.png,0,0,0.99999666,1,0,0,0,0,0,0
03760.png,0,0,0.9999974,1,0,0,0,0,0,0
03761.png,0,0,0.9999969,0,1,0,0,0,0,1
03762.png,0,0,0.99999595,0,1,1,1,1,0,1
03763.png,0,0,0.99999595,0,1,0,0,0,0,1
03764.png,0,0,0.9999908,1,0,0,0,0,0,0
03765.png,0,0,0.99999595,0,1,1,0,0,0,1
03766.png,0,0,0.99996746,1,0,0,0,0,0,0
03767.png,0,0,0.9999958,0,1,1,0,0,1,0
03768.png,0,0,0.99999666,1,0,0,0,0,0,0
03769.png,0,0,0.9999969,0,1,1,0,0,0,1
03770.png,0,0,0.99999344,1,0,0,0,0,0,0
03771.png,0,0,0.99999607,1,0,0,0,0,0,0
03772.png,0,0,0.99999535,0,1,1,0,1,0,1
03773.png,0,0,0.999997,1,0,0,0,0,0,0
03774.png,0,0,0.99999774,0,1,0,0,0,0,1
03775.png,0,0,0.999995,0,1,0,0,0,0,1
03776.png,0,0,0.99999726,0,0,0,0,0,0,0
03777.png,0,0,0.99999774,1,0,0,0,0,0,0
03778.png,0,0,0.99999666,0,1,1,0,0,0,1
03779.png,0,0,0.9999958,0,1,1,0,0,1,0
03780.png,0,0,0.99999297,1,0,0,0,0,0,0
03781.png,0,0,0.9999963,1,0,0,0,0,0,0
03782.png,0,0,0.99999726,0,1,1,0,0,0,1
03783.png,0,0,0.99999726,1,0,0,0,0,0,0
03784.png,0,0,0.99999726,0,1,1,0,0,0,1
03785.png,0,0,0.9999958,1,0,0,0,0,0,0
03786.png,0,0,0.9999969,0,1,0,1,0,0,1
03787.png,0,0,0.9999975,1,0,0,0,0,0,0
03788.png,0,0,0.99999523,1,0,0,0,0,0,0
03789.png,0,0,0.99999154,0,1,0,0,0,0,1
03790.png,0,0,0.99999475,1,0,0,0,0,0,0
03791.png,0,0,0.9999927,1,0,0,0,0,0,0
03792.png,0,0,0.99999404,1,0,0,0,0,0,0
03793.png,0,0,0.9999969,1,0,0,0,0,0,0
03794.png,0,0,0.9999974,0,1,1,0,0,0,1
03795.png,0,0,0.99999464,0,1,1,0,1,0,1
03796.png,0,0,0.9999883,1,0,0,0,0,0,0
03797.png,0,0,0.9999962,0,1,0,0,0,0,0
03798.png,0,0,0.99999285,0,1,0,0,1,0,1
03799.png,0,0,0.99999714,1,0,0,0,0,0,0
03800.png,0,0,0.99999464,0,1,0,0,0,0,1
03801.png,0,0,0.99999344,1,0,0,0,0,0,0
03802.png,0,0,0.9999969,0,1,0,0,0,0,1
03803.png,0,0,0.9999957,1,0,0,0,0,0,0
03804.png,0,0,0.9999968,0,1,0,0,0,0,1
03805.png,0,0,0.9999776,0,1,0,0,0,1,0
03806.png,0,0,0.9999796,0,1,1,1,1,0,1
03807.png,0,0,0.99999344,1,0,0,0,0,0,0
03808.png,0,0,0.9999958,1,0,0,0,0,0,0
03809.png,0,0,0.9999968,0,1,0,0,0,1,1
03810.png,0,0,0.99999654,0,1,0,1,1,1,1
03811.png,0,0,0.99999297,1,0,0,0,0,0,0
03812.png,0,0,0.9999969,0,1,0,0,0,0,0
03813.png,0,0,0.9999962,0,1,0,0,0,0,0
03814.png,0,0,0.999995,1,0,0,0,0,0,0
03815.png,0,0,0.99999726,1,0,0,0,0,0,0
03816.png,0,0,0.9999776,0,1,0,0,0,1,0
03817.png,0,0,0.99999726,0,1,1,1,0,0,1
03818.png,0,0,0.99999475,1,0,0,0,0,0,0
03819.png,0,0,0.99999595,1,0,0,0,0,0,0
03820.png,0,0,0.9999968,1,0,0,0,0,0,0
03821.png,0,0,0.9999975,1,0,0,0,0,0,0
03822.png,0,0,0.9999918,1,0,0,0,0,0,0
03823.png,0,0,0.99999475,1,0,0,0,0,0,0
03824.png,0,0,0.99999726,1,0,0,0,0,0,0
03825.png,0,0,0.9999974,0,1,1,1,0,0,1
03826.png,0,0,0.99999523,0,1,0,0,0,0,1
03827.png,0,0,0.999997,1,0,0,0,0,0,0
03828.png,0,0,0.99996746,1,0,0,0,0,0,0
03829.png,0,0,0.99999666,1,0,0,0,0,0,0
03830.png,0,0,0.99999666,1,0,0,0,0,0,0
03831.png,0,0,0.99999666,1,0,0,0,0,0,0
03832.png,0,0,0.99999297,1,0,0,0,0,0,0
03833.png,0,0,0.9999919,1,0,0,0,0,0,0
03834.png,0,0,0.9999974,1,0,0,0,0,0,0
03835.png,0,0,0.9999969,1,0,0,0,0,0,0
03836.png,0,0,0.99999595,1,0,0,0,0,0,0
03837.png,0,0,0.9999976,1,0,0,0,0,0,0
03838.png,0,0,0.9999968,0,1,0,0,0,0,1
03839.png,0,0,0.9999963,1,0,0,0,0,0,0
03840.png,0,0,0.999997,0,1,0,0,0,0,0
03841.png,0,0,0.99999595,0,1,1,1,1,0,1
03842.png,0,0,0.99999714,0,1,1,0,0,0,1
03843.png,0,0,0.99999595,0,1,1,1,1,0,1
03844.png,0,0,0.99999654,1,0,0,0,0,0,0
03845.png,0,0,0.99999464,1,0,0,0,0,0,0
03846.png,0,0,0.9999968,0,0,0,0,0,0,1
03847.png,0,0,0.9999974,0,1,1,1,1,0,1
03848.png,0,0,0.9999958,1,0,0,0,0,0,0
03849.png,0,0,0.99999666,1,0,0,0,0,0,0
03850.png,0,0,0.9999962,1,0,0,0,0,0,0
03851.png,0,0,0.9999949,1,0,0,0,0,0,0
03852.png,0,0,0.9999962,0,1,0,0,0,0,0
03853.png,0,0,0.9999976,1,0,0,0,0,0,0
03854.png,0,0,0.9999962,0,1,0,0,0,0,0
03855.png,0,0,0.999995,0,1,0,0,0,0,1
03856.png,0,0,0.9999974,0,1,0,0,1,0,0
03857.png,0,0,0.99999654,0,1,0,1,1,1,1
03858.png,0,0,0.9999968,0,1,0,0,0,1,1
03859.png,0,0,0.99999726,0,1,1,0,0,0,1
03860.png,0,0,0.9999969,1,0,0,0,0,0,0
03861.png,0,0,0.9999964,1,0,0,0,0,0,0
03862.png,0,0,0.9999968,1,0,0,0,0,0,0
03863.png,0,0,0.9999937,1,0,0,0,0,0,0
03864.png,0,0,0.999997,1,0,0,0,0,0,0
03865.png,0,0,0.99999464,1,0,0,0,0,0,0
03866.png,0,0,0.9999976,1,0,0,0,0,0,0
03867.png,0,0,0.9999975,1,0,0,0,0,0,0
03868.png,0,0,0.99999666,0,0,0,0,0,0,1
03869.png,0,0,0.9999883,1,0,0,0,0,0,0
03870.png,0,0,0.999997,1,0,0,0,0,0,0
03871.png,0,0,0.9999974,1,0,0,0,0,0,0
03872.png,0,0,0.99999726,1,0,0,0,0,0,0
03873.png,0,0,0.99999666,1,0,0,0,0,0,0
03874.png,0,0,0.99999344,1,0,0,0,0,0,0
03875.png,0,0,0.9999956,0,1,1,0,0,1,1
03876.png,0,0,0.99999595,0,1,1,1,1,0,1
03877.png,0,0,0.9999949,1,0,0,0,0,0,0
03878.png,0,0,0.99999714,0,1,1,0,0,0,1
03879.png,0,0,0.99999714,0,1,1,0,0,0,1
03880.png,0,0,0.99999523,0,1,0,0,0,0,1
03881.png,0,0,0.9999964,1,0,0,0,0,0,0
03882.png,0,0,0.99999464,0,1,0,0,0,0,1
03883.png,0,0,0.99999714,0,1,1,1,0,0,1
03884.png,0,0,0.999997,0,1,1,0,0,0,1
03885.png,0,0,0.9999969,0,1,0,0,0,0,1
03886.png,0,0,0.99999654,1,0,0,0,0,0,0
03887.png,0,0,0.99999666,1,0,0,0,0,0,0
03888.png,0,0,0.9999956,1,0,0,0,0,0,0
03889.png,0,0,0.99999726,1,0,0,0,0,0,0
03890.png,0,0,0.99999654,0,1,0,1,1,1,1
03891.png,0,0,0.9999275,0,1,1,1,1,0,1
03892.png,0,0,0.9999974,1,0,0,0,0,0,0
03893.png,0,0,0.99999654,0,1,0,1,0,0,1
03894.png,0,0,0.99999523,0,0,0,0,0,0,1
03895.png,0,0,0.9999738,1,0,0,0,0,0,0
03896.png,0,0,0.9999918,1,0,0,0,0,0,0
03897.png,0,0,0.9999924,0,1,1,1,0,1,1
03898.png,0,0,0.9999968,1,0,0,0,0,0,0
03899.png,0,0,0.9999964,1,0,0,0,0,0,0
03900.png,0,0,0.9999927,1,0,0,0,0,0,0
03901.png,0,0,0.9999968,1,0,0,0,0,0,0
03902.png,0,0,0.99999595,1,0,0,0,0,0,0
03903.png,0,0,0.999995,1,0,0,0,0,0,0
03904.png,0,0,0.9999951,0,1,0,0,0,0,0
03905.png,0,0,0.9999968,0,0,0,0,0,0,1
03906.png,0,0,0.9999969,0,0,0,0,0,0,1
03907.png,0,0,0.9999943,0,1,1,0,1,0,1
03908.png,0,0,0.999997,0,1,0,0,0,0,0
03909.png,0,0,0.9999968,1,0,0,0,0,0,0
03910.png,0,0,0.9999957,0,0,0,0,0,0,0
03911.png,0,0,0.9999796,0,1,1,1,1,0,1
03912.png,0,0,0.99999666,0,1,1,0,0,0,1
03913.png,0,0,0.999997,1,0,0,0,0,0,0
03914.png,0,0,0.9999974,0,1,0,0,1,0,0
03915.png,0,0,0.9999969,0,1,0,0,0,0,0
03916.png,0,0,0.99999714,0,1,1,1,0,0,1
03917.png,0,0,0.9999976,1,0,0,0,0,0,0
03918.png,0,0,0.999997,1,0,0,0,0,0,0
03919.png,0,0,0.9999962,1,0,0,0,0,0,0
03920.png,0,0,0.9999974,1,0,0,0,0,0,0
03921.png,0,0,0.99999607,1,0,0,0,0,0,0
03922.png,0,0,0.9999964,1,0,0,0,0,0,0
03923.png,0,0,0.9999949,1,0,0,0,0,0,0
03924.png,0,0,0.9999918,1,0,0,0,0,0,0
03925.png,0,0,0.99999154,0,1,0,0,0,0,1
03926.png,0,0,0.99999654,0,1,0,1,1,1,1
03927.png,0,0,0.9999968,0,1,0,0,0,0,1
03928.png,0,0,0.9999974,0,1,1,1,1,0,1
03929.png,0,0,0.9999975,1,0,0,0,0,0,0
03930.png,0,0,0.9999969,0,1,1,0,1,0,1
03931.png,0,0,0.9999968,0,1,0,0,0,1,1
03932.png,0,0,0.9999738,1,0,0,0,0,0,0
03933.png,0,0,0.9999957,0,1,1,1,1,0,1
03934.png,0,0,0.9999969,0,1,1,0,0,0,1
03935.png,0,0,0.9999968,0,1,0,0,0,0,1
03936.png,0,0,0.99999464,1,0,0,0,0,0,0
03937.png,0,0,0.9999975,1,0,0,0,0,0,0
03938.png,0,0,0.9999974,1,0,0,0,0,0,0
03939.png,0,0,0.99999654,0,1,0,1,1,1,1
03940.png,0,0,0.99999595,0,1,1,0,0,0,1
03941.png,0,0,0.99999666,1,0,0,0,0,0,0
03942.png,0,0,0.999995,1,0,0,0,0,0,0
03943.png,0,0,0.99999726,1,0,0,0,0,0,0
03944.png,0,0,0.9999949,1,0,0,0,0,0,0
03945.png,0,0,0.99999464,0,1,0,0,0,0,1
03946.png,0,0,0.9999958,0,1,0,0,0,0,1
03947.png,0,0,0.9999974,0,1,1,0,0,0,1
03948.png,0,0,0.99999535,0,1,0,0,0,1,1
03949.png,0,0,0.99999774,1,0,0,0,0,0,0
03950.png,0,0,0.9999975,1,0,0,0,0,0,0
03951.png,0,0,0.9999943,1,0,0,0,0,0,0
03952.png,0,0,0.99999654,1,0,0,0,0,0,0
03953.png,0,0,0.9999976,1,0,0,0,0,0,0
03954.png,0,0,0.99999404,1,0,0,0,0,0,0
03955.png,0,0,0.9999943,1,0,0,0,0,0,0
03956.png,0,0,0.9999974,1,0,0,0,0,0,0
03957.png,0,0,0.99999785,1,0,0,0,0,0,0
03958.png,0,0,0.9999956,1,0,0,0,0,0,0
03959.png,0,0,0.9999968,1,0,0,0,0,0,0
03960.png,0,0,0.9999969,0,1,1,0,0,0,1
03961.png,0,0,0.9999943,0,1,1,0,0,0,1
03962.png,0,0,0.9999969,0,1,1,0,1,0,1
03963.png,0,0,0.99999714,1,0,0,0,0,0,0
03964.png,0,0,0.9999788,1,0,0,0,0,0,0
03965.png,0,0,0.99999714,0,1,1,0,0,0,1
03966.png,0,0,0.99999666,1,0,0,0,0,0,0
03967.png,0,0,0.9999975,1,0,0,0,0,0,0
03968.png,0,0,0.999997,0,1,1,1,0,0,1
03969.png,0,0,0.999997,0,1,1,1,0,0,1
03970.png,0,0,0.99999726,0,1,1,1,0,0,1
03971.png,0,0,0.99999547,0,1,0,0,0,0,1
03972.png,0,0,0.99999535,0,1,1,0,1,0,1
03973.png,0,0,0.99999464,1,0,0,0,0,0,0
03974.png,0,0,0.99999726,0,1,1,1,0,0,1
03975.png,0,0,0.99999595,1,0,0,0,0,0,0
03976.png,0,0,0.99999607,1,0,0,0,0,0,0
03977.png,0,0,0.999997,1,0,0,0,0,0,0
03978.png,0,0,0.99999714,0,1,1,1,0,0,1
03979.png,0,0,0.9999275,0,1,1,1,1,0,1
03980.png,0,0,0.9999968,0,1,0,0,0,1,1
03981.png,0,0,0.9999957,0,0,0,0,0,0,0
03982.png,0,0,0.99999523,0,1,0,0,0,0,1
03983.png,0,0,0.9999975,1,0,0,0,0,0,0
03984.png,0,0,0.99999523,0,1,0,0,0,0,1
03985.png,0,0,0.9999976,1,0,0,0,0,0,0
03986.png,0,0,0.9999949,1,0,0,0,0,0,0
03987.png,0,0,0.9999838,0,1,0,1,1,0,1
03988.png,0,0,0.99999523,1,0,0,0,0,0,0
03989.png,0,0,0.999997,1,0,0,0,0,0,0
03990.png,0,0,0.9999969,1,0,0,0,0,0,0
03991.png,0,0,0.99999607,1,0,0,0,0,0,0
03992.png,0,0,0.99999595,1,0,0,0,0,0,0
03993.png,0,0,0.9999796,0,1,1,1,1,0,1
03994.png,0,0,0.9999969,1,0,0,0,0,0,0
03995.png,0,0,0.9999974,1,0,0,0,0,0,0
03996.png,0,0,0.99999523,0,0,0,0,0,0,1
03997.png,0,0,0.99999464,0,1,0,0,0,0,1
03998.png,0,0,0.99999714,1,0,0,0,0,0,0
03999.png,0,0,0.9999974,1,0,0,0,0,0,0
04000.png,0,0,0.9999927,1,0,0,0,0,0,0
04001.png,0,0,0.9999968,1,0,0,0,0,0,0
04002.png,0,0,0.9999969,0,1,1,1,0,0,1
04003.png,0,0,0.9999969,1,0,0,0,0,0,0
04004.png,0,0,0.999995,1,0,0,0,0,0,0
04005.png,0,0,0.9999974,0,1,1,0,0,0,1
04006.png,0,0,0.9999957,0,0,0,0,0,0,0
04007.png,0,0,0.99999726,1,0,0,0,0,0,0
04008.png,0,0,0.99999726,1,0,0,0,0,0,0
04009.png,0,0,0.99999523,0,1,0,0,0,0,1
04010.png,0,0,0.99998784,0,1,1,0,0,0,1
04011.png,0,0,0.9999883,1,0,0,0,0,0,0
04012.png,0,0,0.99999654,0,1,0,1,0,0,1
04013.png,0,0,0.999997,1,0,0,0,0,0,0
04014.png,0,0,0.999995,1,0,0,0,0,0,0
04015.png,0,0,0.999995,0,1,0,0,0,0,1
04016.png,0,0,0.9999974,0,1,1,1,0,0,1
04017.png,0,0,0.9999958,0,1,1,0,0,1,1
04018.png,0,0,0.99999666,0,0,0,0,0,0,1
04019.png,0,0,0.999997,1,0,0,0,0,0,0
04020.png,0,0,0.99999666,1,0,0,0,0,0,0
04021.png,0,0,0.99999666,1,0,0,0,0,0,0
04022.png,0,0,0.9999788,1,0,0,0,0,0,0
04023.png,0,0,0.9999962,1,0,0,0,0,0,0
04024.png,0,0,0.99999535,0,1,0,0,0,1,1
04025.png,0,0,0.99999714,0,1,1,1,0,0,1
04026.png,0,0,0.99999714,1,0,0,0,0,0,0
04027.png,0,0,0.99999595,0,1,0,0,0,0,1
04028.png,0,0,0.9999275,0,1,1,1,1,0,1
04029.png,0,0,0.9999969,1,0,0,0,0,0,0
04030.png,0,0,0.99999774,0,1,1,0,0,0,1
04031.png,0,0,0.99999714,1,0,0,0,0,0,0
04032.png,0,0,0.9999951,1,0,0,0,0,0,0
04033.png,0,0,0.9999962,1,0,0,0,0,0,0
04034.png,0,0,0.999997,1,0,0,0,0,0,0
04035.png,0,0,0.99999404,1,0,0,0,0,0,0
04036.png,0,0,0.99999297,0,1,0,0,0,0,1
04037.png,0,0,0.99999666,1,0,0,0,0,0,0
04038.png,0,0,0.9999958,0,1,1,0,0,1,0
04039.png,0,0,0.99999595,1,0,0,0,0,0,0
04040.png,0,0,0.9999968,0,1,0,0,0,1,1
04041.png,0,0,0.9999974,0,1,1,1,1,0,1
04042.png,0,0,0.999997,1,0,0,0,0,0,0
04043.png,0,0,0.9999902,0,1,0,1,1,0,1
04044.png,0,0,0.9999906,1,0,0,0,0,0,0
04045.png,0,0,0.99999607,0,1,1,0,1,0,1
04046.png,0,0,0.9999788,1,0,0,0,0,0,0
04047.png,0,0,0.99999464,1,0,0,0,0,0,0
04048.png,0,0,0.9999918,1,0,0,0,0,0,0
04049.png,0,0,0.9999963,0,1,0,0,0,0,0
04050.png,0,0,0.99999475,1,0,0,0,0,0,0
04051.png,0,0,0.99999535,0,1,0,0,0,1,1
04052.png,0,0,0.9999949,1,0,0,0,0,0,0
04053.png,0,0,0.9999963,1,0,0,0,0,0,0
04054.png,0,0,0.99999714,0,1,1,1,0,0,1
04055.png,0,0,0.999997,1,0,0,0,0,0,0
04056.png,0,0,0.999997,1,0,0,0,0,0,0
04057.png,0,0,0.99999726,1,0,0,0,0,0,0
04058.png,0,0,0.9999937,1,0,0,0,0,0,0
04059.png,0,0,0.9999908,1,0,0,0,0,0,0
04060.png,0,0,0.9999968,0,1,0,0,0,0,1
04061.png,0,0,0.9999956,1,0,0,0,0,0,0
04062.png,0,0,0.9999956,0,1,1,0,0,1,1
04063.png,0,0,0.99999714,0,1,1,1,0,0,1
04064.png,0,0,0.99999714,0,1,1,0,0,0,1
04065.png,0,0,0.9999956,1,0,0,0,0,0,0
04066.png,0,0,0.99999595,1,0,0,0,0,0,0
04067.png,0,0,0.999995,1,0,0,0,0,0,0
04068.png,0,0,0.9999956,0,1,1,0,0,1,1
04069.png,0,0,0.999987,0,1,1,1,1,1,1
04070.png,0,0,0.99999154,0,1,0,0,0,0,1
04071.png,0,0,0.9999856,0,1,1,0,0,0,1
04072.png,0,0,0.9999974,1,0,0,0,0,0,0
04073.png,0,0,0.999995,1,0,0,0,0,0,0
04074.png,0,0,0.9999963,1,0,0,0,0,0,0
04075.png,0,0,0.9999968,1,0,0,0,0,0,0
04076.png,0,0,0.9999974,1,0,0,0,0,0,0
04077.png,0,0,0.99999666,1,0,0,0,0,0,0
04078.png,0,0,0.99999523,0,1,0,0,0,0,1
04079.png,0,0,0.99999607,1,0,0,0,0,0,0
04080.png,0,0,0.9999969,1,0,0,0,0,0,0
04081.png,0,0,0.9999957,1,0,0,0,0,0,0
04082.png,0,0,0.9999943,0,1,1,0,1,0,1
04083.png,0,0,0.9999838,0,1,0,1,1,0,1
04084.png,0,0,0.9999776,0,1,0,0,0,1,0
04085.png,0,0,0.9999949,1,0,0,0,0,0,0
04086.png,0,0,0.9999974,1,0,0,0,0,0,0
04087.png,0,0,0.9999968,0,1,0,0,0,1,1
04088.png,0,0,0.9999951,1,0,0,0,0,0,0
04089.png,0,0,0.99999666,1,0,0,0,0,0,0
04090.png,0,0,0.9999919,1,0,0,0,0,0,0
04091.png,0,0,0.9999957,0,1,1,1,1,1,1
04092.png,0,0,0.99999607,0,1,1,0,1,0,1
04093.png,0,0,0.99999666,1,0,0,0,0,0,0
04094.png,0,0,0.9999943,0,1,1,0,1,0,1
04095.png,0,0,0.9999906,1,0,0,0,0,0,0
04096.png,0,0,0.9999975,1,0,0,0,0,0,0
04097.png,0,0,0.9999956,1,0,0,0,0,0,0
04098.png,0,0,0.9999974,1,0,0,0,0,0,0
04099.png,0,0,0.99999344,1,0,0,0,0,0,0
04100.png,0,0,0.99999547,0,1,0,0,0,0,1
04101.png,0,0,0.99999726,0,1,0,0,0,0,1
04102.png,0,0,0.99996746,1,0,0,0,0,0,0
04103.png,0,0,0.9999974,1,0,0,0,0,0,0
04104.png,0,0,0.99999607,0,1,1,1,1,0,1
04105.png,0,0,0.99999535,1,0,0,0,0,0,0
04106.png,0,0,0.9999902,0,1,0,1,1,0,1
04107.png,0,0,0.99999297,0,0,0,0,0,0,0
04108.png,0,0,0.99999595,0,1,1,1,1,0,1
04109.png,0,0,0.9999918,1,0,0,0,0,0,0
04110.png,0,0,0.99999297,1,0,0,0,0,0,0
04111.png,0,0,0.99999654,1,0,0,0,0,0,0
04112.png,0,0,0.9999974,1,0,0,0,0,0,0
04113.png,0,0,0.9999968,1,0,0,0,0,0,0
04114.png,0,0,0.9999949,1,0,0,0,0,0,0
04115.png,0,0,0.9999957,0,1,0,0,0,0,1
04116.png,0,0,0.9999275,0,1,1,1,1,0,1
04117.png,0,0,0.9999968,0,1,0,0,0,0,1
04118.png,0,0,0.99999714,0,1,0,1,0,0,1
04119.png,0,0,0.9999957,0,0,0,0,0,0,0
04120.png,0,0,0.9999976,1,0,0,0,0,0,0
04121.png,0,0,0.99999523,1,0,0,0,0,0,0
04122.png,0,0,0.99999475,1,0,0,0,0,0,0
04123.png,0,0,0.99999154,0,1,0,0,0,0,1
04124.png,0,0,0.9999962,0,1,0,0,0,0,0
04125.png,0,0,0.9999927,1,0,0,0,0,0,0
04126.png,0,0,0.9999974,1,0,0,0,0,0,0
04127.png,0,0,0.9999968,0,1,0,0,0,0,1
04128.png,0,0,0.99999666,1,0,0,0,0,0,0
04129.png,0,0,0.9999968,1,0,0,0,0,0,0
04130.png,0,0,0.9999958,0,1,0,0,0,0,1
04131.png,0,0,0.99999714,1,0,0,0,0,0,0
04132.png,0,0,0.9999968,1,0,0,0,0,0,0
04133.png,0,0,0.999987,0,1,1,1,1,1,1
04134.png,0,0,0.99999535,1,0,0,0,0,0,0
04135.png,0,0,0.9999969,0,1,1,0,1,0,1
04136.png,0,0,0.99999607,1,0,0,0,0,0,0
04137.png,0,0,0.999997,0,1,0,0,0,0,0
04138.png,0,0,0.99999285,0,1,0,0,1,0,1
04139.png,0,0,0.99999726,1,0,0,0,0,0,0
04140.png,0,0,0.99999344,1,0,0,0,0,0,0
04141.png,0,0,0.9999893,1,0,0,0,0,0,0
04142.png,0,0,0.9999949,1,0,0,0,0,0,0
04143.png,0,0,0.9999963,1,0,0,0,0,0,0
04144.png,0,0,0.99999475,1,0,0,0,0,0,0
04145.png,0,0,0.99999726,1,0,0,0,0,0,0
04146.png,0,0,0.999997,1,0,0,0,0,0,0
04147.png,0,0,0.9999957,0,1,0,0,0,0,1
04148.png,0,0,0.9999963,1,0,0,0,0,0,0
04149.png,0,0,0.9999974,1,0,0,0,0,0,0
04150.png,0,0,0.9999951,1,0,0,0,0,0,0
04151.png,0,0,0.99999666,0,1,1,1,0,0,1
04152.png,0,0,0.9999932,1,0,0,0,0,0,0
04153.png,0,0,0.99999595,0,1,1,1,1,0,1
04154.png,0,0,0.9999951,0,1,1,1,1,0,1
04155.png,0,0,0.99999666,1,0,0,0,0,0,0
04156.png,0,0,0.9999969,0,1,1,0,0,0,1
04157.png,0,0,0.999997,1,0,0,0,0,0,0
04158.png,0,0,0.99996746,1,0,0,0,0,0,0
04159.png,0,0,0.9999968,1,0,0,0,0,0,0
04160.png,0,0,0.99999547,0,1,0,0,0,0,1
04161.png,0,0,0.99997175,1,0,0,0,0,0,0
04162.png,0,0,0.99999714,1,0,0,0,0,0,0
04163.png,0,0,0.9999969,0,1,0,0,0,0,1
04164.png,0,0,0.99999297,1,0,0,0,0,0,0
04165.png,0,0,0.9999957,0,1,1,1,1,0,1
04166.png,0,0,0.9999969,0,1,0,0,0,0,0
04167.png,0,0,0.9999957,0,1,0,0,0,0,1
04168.png,0,0,0.9999918,1,0,0,0,0,0,0
04169.png,0,0,0.9999275,0,1,1,1,1,0,1
04170.png,0,0,0.999997,0,1,0,0,0,0,0
04171.png,0,0,0.999995,1,0,0,0,0,0,0
04172.png,0,0,0.9999949,1,0,0,0,0,0,0
04173.png,0,0,0.99999666,0,1,1,1,0,0,1
04174.png,0,0,0.99999607,0,1,1,1,1,0,1
04175.png,0,0,0.999997,1,0,0,0,0,0,0
04176.png,0,0,0.9999975,1,0,0,0,0,0,0
04177.png,0,0,0.9999951,0,1,0,0,0,0,0
04178.png,0,0,0.9999974,1,0,0,0,0,0,0
04179.png,0,0,0.999987,0,1,1,1,1,1,1
04180.png,0,0,0.99999475,1,0,0,0,0,0,0
04181.png,0,0,0.9999937,1,0,0,0,0,0,0
04182.png,0,0,0.999997,0,1,0,0,0,0,0
04183.png,0,0,0.99999726,1,0,0,0,0,0,0
04184.png,0,0,0.99999726,0,0,0,0,0,0,0
04185.png,0,0,0.9999968,0,1,0,0,0,0,1
04186.png,0,0,0.9999956,1,0,0,0,0,0,0
04187.png,0,0,0.9999969,0,1,1,0,1,0,1
04188.png,0,0,0.9999969,1,0,0,0,0,0,0
04189.png,0,0,0.9999969,1,0,0,0,0,0,0
04190.png,0,0,0.9999943,0,1,1,0,0,0,1
04191.png,0,0,0.9999975,1,0,0,0,0,0,0
04192.png,0,0,0.99999666,1,0,0,0,0,0,0
04193.png,0,0,0.999997,0,1,1,1,0,0,1
04194.png,0,0,0.9999924,1,0,0,0,0,0,0
04195.png,0,0,0.99999666,1,0,0,0,0,0,0
04196.png,0,0,0.999997,1,0,0,0,0,0,0
04197.png,0,0,0.999997,0,1,1,1,0,0,1
04198.png,0,0,0.99998784,0,1,1,0,0,0,1
04199.png,0,0,0.999995,0,1,0,0,0,0,1
04200.png,0,0,0.9999893,1,0,0,0,0,0,0
04201.png,0,0,0.9999969,0,0,0,0,0,0,1
04202.png,0,0,0.9999957,1,0,0,0,0,0,0
04203.png,0,0,0.99999654,1,0,0,0,0,0,0
04204.png,0,0,0.999995,0,1,0,0,0,0,1
04205.png,0,0,0.999995,1,0,0,0,0,0,0
04206.png,0,0,0.99999666,1,0,0,0,0,0,0
04207.png,0,0,0.99999523,1,0,0,0,0,0,0
04208.png,0,0,0.9999968,0,0,0,0,0,0,1
04209.png,0,0,0.99999714,1,0,0,0,0,0,0
04210.png,0,0,0.9999893,1,0,0,0,0,0,0
04211.png,0,0,0.99999595,1,0,0,0,0,0,0
04212.png,0,0,0.99999714,0,1,1,1,0,0,1
04213.png,0,0,0.9999957,0,1,0,0,0,0,1
04214.png,0,0,0.9999968,1,0,0,0,0,0,0
04215.png,0,0,0.9999974,1,0,0,0,0,0,0
04216.png,0,0,0.9999918,1,0,0,0,0,0,0
04217.png,0,0,0.9999951,0,1,1,1,1,0,1
04218.png,0,0,0.99999154,0,1,0,0,0,0,1
04219.png,0,0,0.9999969,1,0,0,0,0,0,0
04220.png,0,0,0.9999964,1,0,0,0,0,0,0
04221.png,0,0,0.9999919,1,0,0,0,0,0,0
04222.png,0,0,0.99999523,0,1,0,0,0,0,1
04223.png,0,0,0.99999523,1,0,0,0,0,0,0
04224.png,0,0,0.9999856,0,1,1,0,0,0,1
04225.png,0,0,0.9999839,0,1,0,0,0,0,1
04226.png,0,0,0.9999796,0,1,1,1,1,0,1
04227.png,0,0,0.9999918,1,0,0,0,0,0,0
04228.png,0,0,0.999997,1,0,0,0,0,0,0
04229.png,0,0,0.9999956,1,0,0,0,0,0,0
04230.png,0,0,0.9999968,1,0,0,0,0,0,0
04231.png,0,0,0.99999785,1,0,0,0,0,0,0
04232.png,0,0,0.999997,0,1,1,0,0,0,1
04233.png,0,0,0.9999957,0,1,1,1,1,0,1
04234.png,0,0,0.9999969,0,0,0,0,0,0,1
04235.png,0,0,0.9999902,0,1,0,1,1,0,1
04236.png,0,0,0.999997,1,0,0,0,0,0,0
04237.png,0,0,0.9999951,1,0,0,0,0,0,0
04238.png,0,0,0.99999464,0,1,1,0,1,0,1
04239.png,0,0,0.9999951,0,1,1,1,1,0,1
04240.png,0,0,0.9999968,1,0,0,0,0,0,0
04241.png,0,0,0.9999968,1,0,0,0,0,0,0
04242.png,0,0,0.99999774,1,0,0,0,0,0,0
04243.png,0,0,0.99999666,1,0,0,0,0,0,0
04244.png,0,0,0.9999968,1,0,0,0,0,0,0
04245.png,0,0,0.9999963,1,0,0,0,0,0,0
04246.png,0,0,0.99999726,1,0,0,0,0,0,0
04247.png,0,0,0.99999607,1,0,0,0,0,0,0
04248.png,0,0,0.9999974,1,0,0,0,0,0,0
04249.png,0,0,0.9999975,1,0,0,0,0,0,0
04250.png,0,0,0.99999595,0,1,1,0,0,0,1
04251.png,0,0,0.9999962,1,0,0,0,0,0,0
04252.png,0,0,0.9999974,1,0,0,0,0,0,0
04253.png,0,0,0.99999297,0,1,0,0,0,0,1
04254.png,0,0,0.99999726,0,0,0,0,0,0,0
04255.png,0,0,0.9999949,1,0,0,0,0,0,0
04256.png,0,0,0.9999976,1,0,0,0,0,0,0
04257.png,0,0,0.99999785,1,0,0,0,0,0,0
04258.png,0,0,0.999997,1,0,0,0,0,0,0
04259.png,0,0,0.99999654,1,0,0,0,0,0,0
04260.png,0,0,0.9999969,0,1,0,0,0,0,1
04261.png,0,0,0.99999666,1,0,0,0,0,0,0
04262.png,0,0,0.9999974,1,0,0,0,0,0,0
04263.png,0,0,0.99999595,0,1,0,0,0,0,1
04264.png,0,0,0.99999094,1,0,0,0,0,0,0
04265.png,0,0,0.99999654,0,1,0,1,1,1,1
04266.png,0,0,0.99999714,0,1,0,0,0,1,0
04267.png,0,0,0.99999285,0,1,0,0,1,0,1
04268.png,0,0,0.99999714,0,1,0,0,0,1,0
04269.png,0,0,0.9999918,1,0,0,0,0,0,0
04270.png,0,0,0.99999607,0,1,1,1,1,0,1
04271.png,0,0,0.999997,0,1,0,0,0,0,0
04272.png,0,0,0.99999523,1,0,0,0,0,0,0
04273.png,0,0,0.99999607,1,0,0,0,0,0,0
04274.png,0,0,0.9999969,0,1,1,1,0,0,1
04275.png,0,0,0.9999958,0,1,1,0,0,1,0
04276.png,0,0,0.99999297,1,0,0,0,0,0,0
04277.png,0,0,0.99999666,1,0,0,0,0,0,0
04278.png,0,0,0.9999958,0,1,1,0,0,1,0
04279.png,0,0,0.99999607,1,0,0,0,0,0,0
04280.png,0,0,0.99999404,1,0,0,0,0,0,0
04281.png,0,0,0.9999964,1,0,0,0,0,0,0
04282.png,0,0,0.99999666,1,0,0,0,0,0,0
04283.png,0,0,0.9999975,1,0,0,0,0,0,0
04284.png,0,0,0.99999714,0,1,1,0,0,0,1
04285.png,0,0,0.9999943,1,0,0,0,0,0,0
04286.png,0,0,0.9999949,1,0,0,0,0,0,0
04287.png,0,0,0.9999969,0,1,1,0,0,0,1
04288.png,0,0,0.9999974,0,1,0,0,1,0,0
04289.png,0,0,0.99999714,0,1,1,0,0,0,1
04290.png,0,0,0.9999796,0,1,1,1,1,0,1
04291.png,0,0,0.9999974,0,1,1,0,0,0,1
04292.png,0,0,0.99997175,1,0,0,0,0,0,0
04293.png,0,0,0.9999963,1,0,0,0,0,0,0
04294.png,0,0,0.99999714,1,0,0,0,0,0,0
04295.png,0,0,0.9999969,0,1,1,0,1,0,1
04296.png,0,0,0.9999738,1,0,0,0,0,0,0
04297.png,0,0,0.99999607,1,0,0,0,0,0,0
04298.png,0,0,0.99999595,0,1,1,1,1,0,1
04299.png,0,0,0.9999963,1,0,0,0,0,0,0
04300.png,0,0,0.99999774,1,0,0,0,0,0,0
04301.png,0,0,0.9999976,1,0,0,0,0,0,0
04302.png,0,0,0.9999963,1,0,0,0,0,0,0
04303.png,0,0,0.9999951,0,1,0,0,0,0,0
04304.png,0,0,0.9999958,1,0,0,0,0,0,0
04305.png,0,0,0.99996746,1,0,0,0,0,0,0
04306.png,0,0,0.9999962,1,0,0,0,0,0,0
04307.png,0,0,0.99999595,1,0,0,0,0,0,0
04308.png,0,0,0.9999969,1,0,0,0,0,0,0
04309.png,0,0,0.99999654,1,0,0,0,0,0,0
04310.png,0,0,0.99999666,1,0,0,0,0,0,0
04311.png,0,0,0.99999404,1,0,0,0,0,0,0
04312.png,0,0,0.9999908,1,0,0,0,0,0,0
04313.png,0,0,0.9999815,1,0,0,0,0,0,0
04314.png,0,0,0.9999957,0,1,1,1,1,1,1
04315.png,0,0,0.99996066,1,0,0,0,0,0,0
04316.png,0,0,0.9999957,0,1,1,1,1,0,1
04317.png,0,0,0.999997,0,1,0,0,0,0,0
04318.png,0,0,0.9999877,0,1,0,1,1,1,1
04319.png,0,0,0.99998784,0,1,1,0,0,0,1
04320.png,0,0,0.99999726,1,0,0,0,0,0,0
04321.png,0,0,0.9999856,0,1,1,0,0,0,1
04322.png,0,0,0.9999949,1,0,0,0,0,0,0
04323.png,0,0,0.9999969,0,1,1,1,0,0,1
04324.png,0,0,0.9999943,1,0,0,0,0,0,0
04325.png,0,0,0.9999815,1,0,0,0,0,0,0
04326.png,0,0,0.999997,1,0,0,0,0,0,0
04327.png,0,0,0.9999976,1,0,0,0,0,0,0
04328.png,0,0,0.99999535,0,1,1,0,1,0,1
04329.png,0,0,0.999995,1,0,0,0,0,0,0
04330.png,0,0,0.99999523,1,0,0,0,0,0,0
04331.png,0,0,0.9999975,1,0,0,0,0,0,0
04332.png,0,0,0.9999938,1,0,0,0,0,0,0
04333.png,0,0,0.9999956,1,0,0,0,0,0,0
04334.png,0,0,0.99999297,0,0,0,0,0,0,0
04335.png,0,0,0.99999344,1,0,0,0,0,0,0
04336.png,0,0,0.99999595,0,1,1,1,1,0,1
04337.png,0,0,0.9999962,1,0,0,0,0,0,0
04338.png,0,0,0.99999344,1,0,0,0,0,0,0
04339.png,0,0,0.9999969,0,1,1,1,0,0,1
04340.png,0,0,0.99999464,0,1,0,0,0,0,1
04341.png,0,0,0.99999535,1,0,0,0,0,0,0
04342.png,0,0,0.99999774,1,0,0,0,0,0,0
04343.png,0,0,0.9999957,0,1,1,1,1,1,1
04344.png,0,0,0.99999726,0,1,1,1,0,0,1
04345.png,0,0,0.9999956,0,1,1,0,0,1,1
04346.png,0,0,0.999997,1,0,0,0,0,0,0
04347.png,0,0,0.99999595,0,1,0,0,0,0,1
04348.png,0,0,0.9999969,1,0,0,0,0,0,0
04349.png,0,0,0.99999297,0,0,0,0,0,0,0
04350.png,0,0,0.99999714,1,0,0,0,0,0,0
04351.png,0,0,0.9999943,0,1,1,0,1,0,1
04352.png,0,0,0.99999654,1,0,0,0,0,0,0
04353.png,0,0,0.99999297,0,1,0,0,0,0,1
04354.png,0,0,0.9999788,1,0,0,0,0,0,0
04355.png,0,0,0.999987,0,1,1,1,1,1,1
04356.png,0,0,0.9999968,0,1,0,0,0,1,1
04357.png,0,0,0.99999666,0,0,0,0,0,0,1
04358.png,0,0,0.99999714,0,1,0,0,0,1,0
04359.png,0,0,0.9999815,1,0,0,0,0,0,0
04360.png,0,0,0.99999666,1,0,0,0,0,0,0
04361.png,0,0,0.9999883,1,0,0,0,0,0,0
04362.png,0,0,0.9999969,0,1,1,0,0,0,1
04363.png,0,0,0.9999943,0,1,1,0,1,0,1
04364.png,0,0,0.99999654,0,1,0,1,1,1,1
04365.png,0,0,0.9999968,0,0,0,0,0,0,1
04366.png,0,0,0.9999963,1,0,0,0,0,0,0
04367.png,0,0,0.99999523,0,1,0,0,0,0,1
04368.png,0,0,0.99999523,0,1,0,0,0,0,1
04369.png,0,0,0.9999856,0,1,1,0,0,0,1
04370.png,0,0,0.9999938,1,0,0,0,0,0,0
04371.png,0,0,0.999997,1,0,0,0,0,0,0
04372.png,0,0,0.99999475,1,0,0,0,0,0,0
04373.png,0,0,0.9999958,0,1,1,0,0,1,1
04374.png,0,0,0.9999974,0,1,1,0,0,0,1
04375.png,0,0,0.9999883,1,0,0,0,0,0,0
04376.png,0,0,0.9999976,1,0,0,0,0,0,0
04377.png,0,0,0.99998784,0,1,1,0,0,0,1
04378.png,0,0,0.999997,1,0,0,0,0,0,0
04379.png,0,0,0.9999949,1,0,0,0,0,0,0
04380.png,0,0,0.99999666,1,0,0,0,0,0,0
04381.png,0,0,0.9999957,0,1,1,1,1,1,1
04382.png,0,0,0.9999968,0,1,0,0,0,0,1
04383.png,0,0,0.99999595,0,1,0,0,0,0,1
04384.png,0,0,0.999997,1,0,0,0,0,0,0
04385.png,0,0,0.9999975,0,1,0,0,0,0,1
04386.png,0,0,0.99999464,0,1,1,0,1,0,1
04387.png,0,0,0.9999956,1,0,0,0,0,0,0
04388.png,0,0,0.99999714,1,0,0,0,0,0,0
04389.png,0,0,0.99999654,0,1,0,0,0,0,1
04390.png,0,0,0.9999951,1,0,0,0,0,0,0
04391.png,0,0,0.99999726,0,1,1,0,0,0,1
04392.png,0,0,0.999997,1,0,0,0,0,0,0
04393.png,0,0,0.999997,1,0,0,0,0,0,0
04394.png,0,0,0.9999968,1,0,0,0,0,0,0
04395.png,0,0,0.999997,1,0,0,0,0,0,0
04396.png,0,0,0.9999969,1,0,0,0,0,0,0
04397.png,0,0,0.9999968,0,1,0,0,0,1,1
04398.png,0,0,0.9999776,0,1,0,0,0,1,0
04399.png,0,0,0.99999464,1,0,0,0,0,0,0
04400.png,0,0,0.9999949,1,0,0,0,0,0,0
04401.png,0,0,0.9999949,1,0,0,0,0,0,0
04402.png,0,0,0.9999949,1,0,0,0,0,0,0
04403.png,0,0,0.99999714,0,1,1,1,0,0,1
04404.png,0,0,0.9999951,0,1,0,0,0,0,0
04405.png,0,0,0.9999949,1,0,0,0,0,0,0
04406.png,0,0,0.999995,0,1,0,0,0,0,1
04407.png,0,0,0.99999714,0,1,1,0,0,0,1
04408.png,0,0,0.9999877,0,1,0,1,1,1,1
04409.png,0,0,0.99999297,1,0,0,0,0,0,0
04410.png,0,0,0.99999714,0,1,1,1,0,0,1
04411.png,0,0,0.9999969,0,1,0,0,0,0,0
04412.png,0,0,0.9999957,0,1,1,1,1,0,1
04413.png,0,0,0.999995,0,1,0,0,0,0,1
04414.png,0,0,0.9999956,1,0,0,0,0,0,0
04415.png,0,0,0.99999595,0,1,0,0,0,0,1
04416.png,0,0,0.9999963,1,0,0,0,0,0,0
04417.png,0,0,0.9999949,1,0,0,0,0,0,0
04418.png,0,0,0.99999666,0,1,1,1,0,0,1
04419.png,0,0,0.99999714,0,1,1,1,0,0,1
04420.png,0,0,0.99999523,0,0,0,0,0,0,1
04421.png,0,0,0.99999666,1,0,0,0,0,0,0
04422.png,0,0,0.9999883,1,0,0,0,0,0,0
04423.png,0,0,0.9999974,1,0,0,0,0,0,0
04424.png,0,0,0.99999607,1,0,0,0,0,0,0
04425.png,0,0,0.9999974,1,0,0,0,0,0,0
04426.png,0,0,0.99999523,1,0,0,0,0,0,0
04427.png,0,0,0.9999969,1,0,0,0,0,0,0
04428.png,0,0,0.99999607,0,1,1,1,1,0,1
04429.png,0,0,0.9999968,0,1,1,1,0,0,1
04430.png,0,0,0.99999666,1,0,0,0,0,0,0
04431.png,0,0,0.99999714,0,1,0,0,0,1,0
04432.png,0,0,0.999997,1,0,0,0,0,0,0
04433.png,0,0,0.99999535,0,1,1,0,1,0,1
04434.png,0,0,0.9999968,0,1,0,0,0,0,1
04435.png,0,0,0.99999654,0,1,0,1,1,1,1
04436.png,0,0,0.9999964,1,0,0,0,0,0,0
04437.png,0,0,0.99999714,0,1,1,1,0,0,1
04438.png,0,0,0.99999654,0,1,0,1,1,1,1
04439.png,0,0,0.9999975,1,0,0,0,0,0,0
04440.png,0,0,0.9999815,1,0,0,0,0,0,0
04441.png,0,0,0.9999969,0,1,0,1,0,0,1
04442.png,0,0,0.99999654,1,0,0,0,0,0,0
04443.png,0,0,0.99999523,1,0,0,0,0,0,0
04444.png,0,0,0.9999968,0,1,0,0,0,1,1
04445.png,0,0,0.99999094,1,0,0,0,0,0,0
04446.png,0,0,0.99999654,0,1,0,1,0,0,1
04447.png,0,0,0.99999535,1,0,0,0,0,0,0
04448.png,0,0,0.99999714,0,1,0,0,0,1,0
04449.png,0,0,0.9999963,1,0,0,0,0,0,0
04450.png,0,0,0.99999654,0,1,1,1,0,0,1
04451.png,0,0,0.99999607,0,1,1,1,1,0,1
04452.png,0,0,0.99999785,1,0,0,0,0,0,0
04453.png,0,0,0.99999714,0,1,0,1,0,0,1
04454.png,0,0,0.9999968,1,0,0,0,0,0,0
04455.png,0,0,0.99999654,0,1,0,1,1,1,1
04456.png,0,0,0.99999404,1,0,0,0,0,0,0
04457.png,0,0,0.9999776,0,1,0,0,0,1,0
04458.png,0,0,0.9999968,1,0,0,0,0,0,0
04459.png,0,0,0.9999943,0,1,1,0,1,0,1
04460.png,0,0,0.99999714,0,1,1,1,0,0,1
04461.png,0,0,0.9999968,1,0,0,0,0,0,0
04462.png,0,0,0.99999654,1,0,0,0,0,0,0
04463.png,0,0,0.9999976,1,0,0,0,0,0,0
04464.png,0,0,0.9999962,1,0,0,0,0,0,0
04465.png,0,0,0.9999908,1,0,0,0,0,0,0
04466.png,0,0,0.99999666,0,1,1,0,0,0,1
04467.png,0,0,0.99999297,0,1,0,0,0,0,1
04468.png,0,0,0.9999839,0,1,0,0,0,0,1
04469.png,0,0,0.9999968,1,0,0,0,0,0,0
04470.png,0,0,0.99999666,0,0,0,0,0,0,1
04471.png,0,0,0.9999908,1,0,0,0,0,0,0
04472.png,0,0,0.9999974,0,1,1,1,1,0,1
04473.png,0,0,0.9999908,1,0,0,0,0,0,0
04474.png,0,0,0.9999776,0,1,0,0,0,1,0
04475.png,0,0,0.9999951,0,1,1,1,1,0,1
04476.png,0,0,0.9999974,1,0,0,0,0,0,0
04477.png,0,0,0.999995,0,1,0,0,0,0,1
04478.png,0,0,0.99999285,0,1,0,0,1,0,1
04479.png,0,0,0.9999776,0,1,0,0,0,1,0
04480.png,0,0,0.9999968,0,0,0,0,0,0,1
04481.png,0,0,0.999997,1,0,0,0,0,0,0
04482.png,0,0,0.9999968,1,0,0,0,0,0,0
04483.png,0,0,0.99999094,1,0,0,0,0,0,0
04484.png,0,0,0.9999969,0,1,1,1,0,0,1
04485.png,0,0,0.999997,1,0,0,0,0,0,0
04486.png,0,0,0.9999969,1,0,0,0,0,0,0
04487.png,0,0,0.99999666,1,0,0,0,0,0,0
04488.png,0,0,0.9999963,1,0,0,0,0,0,0
04489.png,0,0,0.99999523,0,1,0,0,0,0,1
04490.png,0,0,0.9999958,0,1,1,0,0,1,1
04491.png,0,0,0.9999918,1,0,0,0,0,0,0
04492.png,0,0,0.99999464,0,1,1,0,1,0,1
04493.png,0,0,0.99999654,0,1,0,0,0,0,1
04494.png,0,0,0.99999726,0,1,1,0,0,0,1
04495.png,0,0,0.99999297,0,0,0,0,0,0,0
04496.png,0,0,0.9999969,0,1,1,0,1,0,1
04497.png,0,0,0.9999969,0,1,0,1,0,0,1
04498.png,0,0,0.9999275,0,1,1,1,1,0,1
04499.png,0,0,0.99996066,1,0,0,0,0,0,0
04500.png,0,0,0.9999968,1,0,0,0,0,0,0
