filename,label,label_str
24731.jpg,0,fake
02004.jpg,0,fake
68164.jpg,0,fake
39647.jpg,0,fake
49014.jpg,1,real
15396.jpg,1,real
09491.jpg,1,real
25803.jpg,1,real
12841.jpg,1,real
03064.jpg,1,real
66533.jpg,1,real
10451.jpg,1,real
66909.jpg,1,real
39805.jpg,1,real
20379.jpg,1,real
46322.jpg,1,real
63594.jpg,1,real
03723.jpg,1,real
53483.jpg,1,real
53492.jpg,1,real
68354.jpg,1,real
59144.jpg,1,real
69249.jpg,1,real
43067.jpg,1,real
43168.jpg,1,real
60023.jpg,1,real
20886.jpg,1,real
65770.jpg,1,real
01836.jpg,1,real
43658.jpg,1,real
12989.jpg,1,real
10287.jpg,1,real
32751.jpg,1,real
61857.jpg,1,real
17315.jpg,1,real
36187.jpg,1,real
37222.jpg,1,real
09652.jpg,1,real
06410.jpg,1,real
56841.jpg,1,real
07525.jpg,1,real
58218.jpg,1,real
26281.jpg,1,real
48951.jpg,1,real
43497.jpg,1,real
45014.jpg,1,real
31761.jpg,1,real
01106.jpg,1,real
04337.jpg,1,real
45795.jpg,1,real
54793.jpg,1,real
19873.jpg,1,real
51935.jpg,1,real
07337.jpg,1,real
38187.jpg,1,real
08820.jpg,1,real
35656.jpg,1,real
12905.jpg,1,real
03632.jpg,1,real
48208.jpg,1,real
46659.jpg,1,real
19473.jpg,1,real
26414.jpg,1,real
67264.jpg,1,real
36013.jpg,1,real
52544.jpg,1,real
24548.jpg,1,real
59507.jpg,1,real
38298.jpg,1,real
21860.jpg,1,real
16507.jpg,1,real
31719.jpg,1,real
45837.jpg,1,real
17592.jpg,1,real
38324.jpg,1,real
10916.jpg,1,real
25915.jpg,1,real
48036.jpg,1,real
53365.jpg,1,real
38588.jpg,1,real
21926.jpg,1,real
07232.jpg,1,real
07526.jpg,1,real
18057.jpg,1,real
68702.jpg,1,real
05233.jpg,1,real
07925.jpg,1,real
59566.jpg,1,real
17104.jpg,1,real
46969.jpg,1,real
13377.jpg,1,real
22228.jpg,1,real
47194.jpg,1,real
25871.jpg,1,real
35739.jpg,1,real
33531.jpg,1,real
66348.jpg,1,real
23588.jpg,1,real
02930.jpg,1,real
14670.jpg,1,real
35234.jpg,1,real
33038.jpg,1,real
06055.jpg,1,real
07651.jpg,1,real
17129.jpg,1,real
40862.jpg,1,real
57880.jpg,1,real
44929.jpg,1,real
46432.jpg,1,real
67408.jpg,1,real
11373.jpg,1,real
13020.jpg,1,real
04188.jpg,1,real
43034.jpg,1,real
04631.jpg,1,real
22229.jpg,1,real
27701.jpg,1,real
23056.jpg,1,real
05333.jpg,1,real
16428.jpg,1,real
57374.jpg,1,real
31248.jpg,1,real
62734.jpg,1,real
23155.jpg,1,real
29490.jpg,1,real
32534.jpg,1,real
31984.jpg,1,real
55756.jpg,1,real
46898.jpg,1,real
28240.jpg,1,real
06407.jpg,1,real
22107.jpg,1,real
52922.jpg,1,real
57377.jpg,1,real
57808.jpg,1,real
46232.jpg,1,real
15026.jpg,1,real
52853.jpg,1,real
14337.jpg,1,real
07033.jpg,1,real
40848.jpg,1,real
08606.jpg,1,real
49513.jpg,1,real
24454.jpg,1,real
01792.jpg,1,real
43187.jpg,1,real
24133.jpg,1,real
46113.jpg,1,real
54840.jpg,1,real
10768.jpg,1,real
09243.jpg,1,real
52260.jpg,1,real
25112.jpg,1,real
58255.jpg,1,real
33871.jpg,1,real
39375.jpg,1,real
28076.jpg,1,real
66543.jpg,1,real
61364.jpg,1,real
62442.jpg,1,real
06509.jpg,1,real
53177.jpg,1,real
31207.jpg,1,real
64154.jpg,1,real
24703.jpg,1,real
27723.jpg,1,real
16799.jpg,1,real
06777.jpg,1,real
53099.jpg,1,real
46355.jpg,1,real
23075.jpg,1,real
53663.jpg,1,real
16228.jpg,1,real
58045.jpg,1,real
28620.jpg,1,real
37442.jpg,1,real
46016.jpg,1,real
57730.jpg,1,real
26411.jpg,1,real
55425.jpg,1,real
43629.jpg,1,real
21998.jpg,1,real
37573.jpg,1,real
43884.jpg,1,real
62212.jpg,1,real
66900.jpg,1,real
23050.jpg,1,real
29448.jpg,1,real
04266.jpg,1,real
55790.jpg,1,real
51353.jpg,1,real
18449.jpg,1,real
16440.jpg,1,real
15640.jpg,1,real
30746.jpg,1,real
43962.jpg,1,real
61882.jpg,1,real
54068.jpg,1,real
16958.jpg,1,real
51224.jpg,1,real
41692.jpg,1,real
14452.jpg,1,real
51120.jpg,1,real
64461.jpg,1,real
53331.jpg,1,real
07096.jpg,1,real
66149.jpg,1,real
43569.jpg,1,real
18881.jpg,1,real
65765.jpg,1,real
61546.jpg,1,real
27771.jpg,1,real
37103.jpg,1,real
22003.jpg,1,real
17679.jpg,1,real
09684.jpg,1,real
17945.jpg,1,real
47794.jpg,1,real
15550.jpg,1,real
05655.jpg,1,real
22369.jpg,1,real
14737.jpg,1,real
49412.jpg,1,real
05513.jpg,1,real
29262.jpg,1,real
68125.jpg,1,real
28616.jpg,1,real
49401.jpg,1,real
21868.jpg,1,real
34256.jpg,1,real
48671.jpg,1,real
16861.jpg,1,real
60755.jpg,1,real
66831.jpg,1,real
59202.jpg,1,real
29300.jpg,1,real
22483.jpg,1,real
59301.jpg,1,real
42235.jpg,1,real
38996.jpg,1,real
59005.jpg,1,real
59776.jpg,1,real
52133.jpg,1,real
22680.jpg,1,real
47753.jpg,1,real
18128.jpg,1,real
07023.jpg,1,real
58487.jpg,1,real
17539.jpg,1,real
44855.jpg,1,real
48159.jpg,1,real
10401.jpg,1,real
10900.jpg,1,real
58812.jpg,1,real
36609.jpg,1,real
31666.jpg,1,real
45912.jpg,1,real
60732.jpg,1,real
13918.jpg,1,real
62302.jpg,1,real
44075.jpg,1,real
27109.jpg,1,real
13934.jpg,1,real
59655.jpg,1,real
55110.jpg,1,real
02535.jpg,1,real
28201.jpg,1,real
52562.jpg,1,real
33831.jpg,1,real
35763.jpg,1,real
46956.jpg,1,real
24441.jpg,1,real
06393.jpg,1,real
00042.jpg,1,real
01586.jpg,1,real
53888.jpg,1,real
03104.jpg,1,real
16157.jpg,1,real
01609.jpg,1,real
47847.jpg,1,real
18553.jpg,1,real
63398.jpg,1,real
34200.jpg,1,real
45345.jpg,1,real
52222.jpg,1,real
59684.jpg,1,real
67006.jpg,1,real
62197.jpg,1,real
51342.jpg,1,real
26706.jpg,1,real
13148.jpg,1,real
07158.jpg,1,real
11755.jpg,1,real
05833.jpg,1,real
53916.jpg,1,real
34854.jpg,1,real
12183.jpg,1,real
55645.jpg,1,real
02446.jpg,1,real
55758.jpg,1,real
63054.jpg,1,real
14956.jpg,1,real
20917.jpg,1,real
38377.jpg,1,real
63838.jpg,1,real
17251.jpg,1,real
64285.jpg,1,real
51793.jpg,1,real
00738.jpg,1,real
37355.jpg,1,real
29678.jpg,1,real
48531.jpg,1,real
43705.jpg,1,real
17835.jpg,1,real
03471.jpg,1,real
03695.jpg,1,real
14470.jpg,1,real
13172.jpg,1,real
42971.jpg,1,real
60949.jpg,1,real
11321.jpg,1,real
10967.jpg,1,real
53720.jpg,1,real
29023.jpg,1,real
33618.jpg,1,real
45635.jpg,1,real
61710.jpg,1,real
38336.jpg,1,real
09291.jpg,1,real
05022.jpg,1,real
25216.jpg,1,real
64802.jpg,1,real
48514.jpg,1,real
27962.jpg,1,real
05417.jpg,1,real
36839.jpg,1,real
14985.jpg,1,real
66319.jpg,1,real
44581.jpg,1,real
59858.jpg,1,real
62064.jpg,1,real
43780.jpg,1,real
64803.jpg,1,real
09260.jpg,1,real
17048.jpg,1,real
49373.jpg,1,real
54675.jpg,1,real
53540.jpg,1,real
05342.jpg,1,real
65926.jpg,1,real
14443.jpg,1,real
06089.jpg,1,real
60356.jpg,1,real
35252.jpg,1,real
33938.jpg,1,real
53588.jpg,1,real
32959.jpg,1,real
40943.jpg,1,real
59552.jpg,1,real
13075.jpg,1,real
60967.jpg,1,real
56994.jpg,1,real
58296.jpg,1,real
05170.jpg,1,real
46180.jpg,1,real
41434.jpg,1,real
56600.jpg,1,real
09518.jpg,1,real
58388.jpg,1,real
26117.jpg,1,real
59068.jpg,1,real
24450.jpg,1,real
20732.jpg,1,real
69345.jpg,1,real
30138.jpg,1,real
02098.jpg,1,real
67008.jpg,1,real
00500.jpg,1,real
36662.jpg,1,real
23924.jpg,1,real
36742.jpg,1,real
34340.jpg,1,real
07270.jpg,1,real
18464.jpg,1,real
41403.jpg,1,real
63999.jpg,1,real
15252.jpg,1,real
23594.jpg,1,real
41783.jpg,1,real
50338.jpg,1,real
51826.jpg,1,real
50416.jpg,1,real
05721.jpg,1,real
46774.jpg,1,real
14299.jpg,1,real
33247.jpg,1,real
65073.jpg,1,real
38966.jpg,1,real
55050.jpg,1,real
05103.jpg,1,real
16479.jpg,1,real
59860.jpg,1,real
11269.jpg,1,real
15113.jpg,1,real
57983.jpg,1,real
21579.jpg,1,real
34061.jpg,1,real
67033.jpg,1,real
02536.jpg,1,real
53560.jpg,1,real
31055.jpg,1,real
29887.jpg,1,real
25386.jpg,1,real
31246.jpg,1,real
68274.jpg,1,real
04788.jpg,1,real
60250.jpg,1,real
28924.jpg,1,real
58823.jpg,1,real
45745.jpg,1,real
34010.jpg,1,real
38682.jpg,1,real
25847.jpg,1,real
31628.jpg,1,real
63942.jpg,1,real
52932.jpg,1,real
10196.jpg,1,real
30982.jpg,1,real
57891.jpg,1,real
34130.jpg,1,real
25821.jpg,1,real
34593.jpg,1,real
01138.jpg,1,real
52905.jpg,1,real
18452.jpg,1,real
59744.jpg,1,real
41322.jpg,1,real
32034.jpg,1,real
27572.jpg,1,real
58957.jpg,1,real
19401.jpg,1,real
27522.jpg,1,real
46076.jpg,1,real
42682.jpg,1,real
16424.jpg,1,real
49363.jpg,1,real
33027.jpg,1,real
20062.jpg,1,real
61493.jpg,1,real
41935.jpg,1,real
68444.jpg,1,real
28623.jpg,1,real
59713.jpg,1,real
27404.jpg,1,real
11174.jpg,1,real
26888.jpg,1,real
31419.jpg,1,real
64512.jpg,1,real
48700.jpg,1,real
36113.jpg,1,real
45294.jpg,1,real
15922.jpg,1,real
61407.jpg,1,real
03095.jpg,1,real
27244.jpg,1,real
52771.jpg,1,real
51192.jpg,1,real
47341.jpg,1,real
68306.jpg,1,real
28593.jpg,1,real
11276.jpg,1,real
34141.jpg,1,real
23913.jpg,1,real
28607.jpg,1,real
20520.jpg,1,real
20399.jpg,1,real
06944.jpg,1,real
09798.jpg,1,real
59415.jpg,1,real
62801.jpg,1,real
54755.jpg,1,real
26851.jpg,1,real
07625.jpg,1,real
23652.jpg,1,real
27062.jpg,1,real
23545.jpg,1,real
27143.jpg,1,real
09541.jpg,1,real
47606.jpg,1,real
02509.jpg,1,real
19277.jpg,1,real
53464.jpg,1,real
31345.jpg,1,real
53827.jpg,1,real
45174.jpg,1,real
03576.jpg,1,real
20237.jpg,1,real
62989.jpg,1,real
32829.jpg,1,real
63458.jpg,1,real
10567.jpg,1,real
43585.jpg,1,real
36317.jpg,1,real
32076.jpg,1,real
34524.jpg,1,real
39385.jpg,1,real
14797.jpg,1,real
61983.jpg,1,real
48524.jpg,1,real
68423.jpg,1,real
26865.jpg,1,real
04612.jpg,1,real
02596.jpg,1,real
27940.jpg,1,real
31572.jpg,1,real
33318.jpg,1,real
34153.jpg,1,real
43394.jpg,1,real
23887.jpg,1,real
18353.jpg,1,real
06538.jpg,1,real
08492.jpg,1,real
45499.jpg,1,real
60727.jpg,1,real
15994.jpg,1,real
21701.jpg,1,real
58465.jpg,1,real
30137.jpg,1,real
04386.jpg,1,real
17445.jpg,1,real
62549.jpg,1,real
16207.jpg,1,real
61869.jpg,1,real
30380.jpg,1,real
08734.jpg,1,real
31314.jpg,1,real
14653.jpg,1,real
09499.jpg,1,real
48728.jpg,1,real
09003.jpg,1,real
28499.jpg,1,real
18921.jpg,1,real
51149.jpg,1,real
43852.jpg,1,real
25315.jpg,1,real
41302.jpg,1,real
50554.jpg,1,real
17334.jpg,1,real
01743.jpg,1,real
46341.jpg,1,real
35025.jpg,1,real
44330.jpg,1,real
28986.jpg,1,real
63816.jpg,1,real
30569.jpg,1,real
44439.jpg,1,real
55005.jpg,1,real
66528.jpg,1,real
68720.jpg,1,real
27016.jpg,1,real
45916.jpg,1,real
16897.jpg,1,real
29660.jpg,1,real
25477.jpg,1,real
19815.jpg,1,real
11588.jpg,1,real
66196.jpg,1,real
27728.jpg,1,real
53470.jpg,1,real
44189.jpg,1,real
17040.jpg,1,real
02711.jpg,1,real
19484.jpg,1,real
65027.jpg,1,real
20637.jpg,1,real
02972.jpg,1,real
03869.jpg,1,real
49301.jpg,1,real
62155.jpg,1,real
47754.jpg,1,real
57493.jpg,1,real
32017.jpg,1,real
04497.jpg,1,real
16957.jpg,1,real
62046.jpg,1,real
63067.jpg,1,real
51016.jpg,1,real
31326.jpg,1,real
65226.jpg,1,real
37623.jpg,1,real
03931.jpg,1,real
18432.jpg,1,real
27202.jpg,1,real
42812.jpg,1,real
26503.jpg,1,real
02187.jpg,1,real
25285.jpg,1,real
37555.jpg,1,real
51537.jpg,1,real
18089.jpg,1,real
67430.jpg,1,real
39540.jpg,1,real
32867.jpg,1,real
39775.jpg,1,real
34297.jpg,1,real
55528.jpg,1,real
49505.jpg,1,real
05995.jpg,1,real
39466.jpg,1,real
49034.jpg,1,real
59142.jpg,1,real
33963.jpg,1,real
10807.jpg,1,real
08504.jpg,1,real
06747.jpg,1,real
08516.jpg,1,real
53976.jpg,1,real
49288.jpg,1,real
18850.jpg,1,real
20094.jpg,1,real
25447.jpg,1,real
36325.jpg,1,real
07718.jpg,1,real
37484.jpg,1,real
36545.jpg,1,real
16968.jpg,1,real
45681.jpg,1,real
56141.jpg,1,real
32507.jpg,1,real
64900.jpg,1,real
38261.jpg,1,real
52900.jpg,1,real
06460.jpg,1,real
06432.jpg,1,real
22528.jpg,1,real
61369.jpg,1,real
22040.jpg,1,real
35012.jpg,1,real
52535.jpg,1,real
42031.jpg,1,real
67282.jpg,1,real
14288.jpg,1,real
51183.jpg,1,real
60008.jpg,1,real
01236.jpg,1,real
53010.jpg,1,real
12024.jpg,1,real
36471.jpg,1,real
20587.jpg,1,real
26811.jpg,1,real
09632.jpg,1,real
43463.jpg,1,real
38002.jpg,1,real
61519.jpg,1,real
58082.jpg,1,real
14770.jpg,1,real
39205.jpg,1,real
65437.jpg,1,real
22008.jpg,1,real
15755.jpg,1,real
22254.jpg,1,real
01689.jpg,1,real
13677.jpg,1,real
49669.jpg,1,real
53468.jpg,1,real
33921.jpg,1,real
67585.jpg,1,real
40546.jpg,1,real
47115.jpg,1,real
29649.jpg,1,real
39195.jpg,1,real
47176.jpg,1,real
16458.jpg,1,real
21554.jpg,1,real
33844.jpg,1,real
57020.jpg,1,real
62701.jpg,1,real
65258.jpg,1,real
08315.jpg,1,real
29617.jpg,1,real
42751.jpg,1,real
63055.jpg,1,real
44554.jpg,1,real
38379.jpg,1,real
67635.jpg,1,real
55296.jpg,1,real
51904.jpg,1,real
54229.jpg,1,real
67253.jpg,1,real
59968.jpg,1,real
32300.jpg,1,real
23718.jpg,1,real
17043.jpg,1,real
39158.jpg,1,real
63336.jpg,1,real
40445.jpg,1,real
31355.jpg,1,real
42295.jpg,1,real
54348.jpg,1,real
29279.jpg,1,real
29740.jpg,1,real
42755.jpg,1,real
46800.jpg,1,real
06269.jpg,1,real
24247.jpg,1,real
25030.jpg,1,real
44643.jpg,1,real
62651.jpg,1,real
67536.jpg,1,real
30925.jpg,1,real
11205.jpg,1,real
58920.jpg,1,real
48832.jpg,1,real
00655.jpg,1,real
56855.jpg,1,real
48775.jpg,1,real
15828.jpg,1,real
48664.jpg,1,real
04562.jpg,1,real
38155.jpg,1,real
65584.jpg,1,real
05956.jpg,1,real
41898.jpg,1,real
51750.jpg,1,real
47070.jpg,1,real
46588.jpg,1,real
23417.jpg,1,real
44353.jpg,1,real
09175.jpg,1,real
48486.jpg,1,real
43815.jpg,1,real
63076.jpg,1,real
58419.jpg,1,real
63569.jpg,1,real
55735.jpg,1,real
22548.jpg,1,real
31366.jpg,1,real
33126.jpg,1,real
67065.jpg,1,real
51259.jpg,1,real
49573.jpg,1,real
08520.jpg,1,real
36177.jpg,1,real
47815.jpg,1,real
49730.jpg,1,real
58242.jpg,1,real
14950.jpg,1,real
19907.jpg,1,real
44420.jpg,1,real
45749.jpg,1,real
11823.jpg,1,real
46748.jpg,1,real
41013.jpg,1,real
08539.jpg,1,real
38132.jpg,1,real
13245.jpg,1,real
48822.jpg,1,real
31062.jpg,1,real
40869.jpg,1,real
11400.jpg,1,real
40851.jpg,1,real
47354.jpg,1,real
59970.jpg,1,real
37361.jpg,1,real
69157.jpg,1,real
42758.jpg,1,real
33419.jpg,1,real
03804.jpg,1,real
22049.jpg,1,real
03006.jpg,1,real
17600.jpg,1,real
19353.jpg,1,real
35810.jpg,1,real
26448.jpg,1,real
46391.jpg,1,real
64943.jpg,1,real
17234.jpg,1,real
69458.jpg,1,real
43138.jpg,1,real
46678.jpg,1,real
61715.jpg,1,real
49629.jpg,1,real
49476.jpg,1,real
33940.jpg,1,real
27371.jpg,1,real
14560.jpg,1,real
15078.jpg,1,real
61619.jpg,1,real
67656.jpg,1,real
06387.jpg,1,real
61879.jpg,1,real
40881.jpg,1,real
30583.jpg,1,real
21746.jpg,1,real
29415.jpg,1,real
69038.jpg,1,real
15264.jpg,1,real
29824.jpg,1,real
05819.jpg,1,real
56188.jpg,1,real
02782.jpg,1,real
18848.jpg,1,real
02883.jpg,1,real
03385.jpg,1,real
32033.jpg,1,real
13657.jpg,1,real
14034.jpg,1,real
46213.jpg,1,real
62717.jpg,1,real
13712.jpg,1,real
53509.jpg,1,real
05427.jpg,1,real
25094.jpg,1,real
08475.jpg,1,real
05475.jpg,1,real
44461.jpg,1,real
39576.jpg,1,real
32587.jpg,1,real
23719.jpg,1,real
13089.jpg,1,real
39774.jpg,1,real
66118.jpg,1,real
64033.jpg,1,real
49108.jpg,1,real
67083.jpg,1,real
61506.jpg,1,real
53430.jpg,1,real
29769.jpg,1,real
34452.jpg,1,real
60801.jpg,1,real
40308.jpg,1,real
34203.jpg,1,real
48579.jpg,1,real
26721.jpg,1,real
29727.jpg,1,real
19445.jpg,1,real
46065.jpg,1,real
22186.jpg,1,real
06439.jpg,1,real
32096.jpg,1,real
58874.jpg,1,real
02798.jpg,1,real
59049.jpg,1,real
67753.jpg,1,real
53038.jpg,1,real
69117.jpg,1,real
58775.jpg,1,real
41234.jpg,1,real
35359.jpg,1,real
00202.jpg,1,real
21748.jpg,1,real
02449.jpg,1,real
42437.jpg,1,real
68295.jpg,1,real
53650.jpg,1,real
42287.jpg,1,real
11708.jpg,1,real
35094.jpg,1,real
64134.jpg,1,real
42703.jpg,1,real
64551.jpg,1,real
42741.jpg,1,real
00328.jpg,1,real
51357.jpg,1,real
14242.jpg,1,real
18717.jpg,1,real
05503.jpg,1,real
50006.jpg,1,real
14724.jpg,1,real
38678.jpg,1,real
42823.jpg,1,real
27253.jpg,1,real
16940.jpg,1,real
45233.jpg,1,real
34245.jpg,1,real
04622.jpg,1,real
62073.jpg,1,real
39675.jpg,1,real
05787.jpg,1,real
43686.jpg,1,real
00488.jpg,1,real
12202.jpg,1,real
15040.jpg,1,real
40409.jpg,1,real
02578.jpg,1,real
11559.jpg,1,real
68856.jpg,1,real
64191.jpg,1,real
10723.jpg,1,real
16927.jpg,1,real
09463.jpg,1,real
41576.jpg,1,real
36412.jpg,1,real
43120.jpg,1,real
06642.jpg,1,real
07805.jpg,1,real
19879.jpg,1,real
00828.jpg,1,real
24947.jpg,1,real
64791.jpg,1,real
46926.jpg,1,real
49599.jpg,1,real
32416.jpg,1,real
03639.jpg,1,real
24344.jpg,1,real
34771.jpg,1,real
24437.jpg,1,real
48079.jpg,1,real
18660.jpg,1,real
22498.jpg,1,real
26861.jpg,1,real
22990.jpg,1,real
27662.jpg,1,real
11919.jpg,1,real
21261.jpg,1,real
45528.jpg,1,real
53407.jpg,1,real
46615.jpg,1,real
44263.jpg,1,real
06692.jpg,1,real
47151.jpg,1,real
33975.jpg,1,real
47097.jpg,1,real
36066.jpg,1,real
59412.jpg,1,real
17691.jpg,1,real
23157.jpg,1,real
09587.jpg,1,real
48983.jpg,1,real
61775.jpg,1,real
50032.jpg,1,real
24913.jpg,1,real
47418.jpg,1,real
41793.jpg,1,real
22602.jpg,1,real
17703.jpg,1,real
12522.jpg,1,real
46038.jpg,1,real
23757.jpg,1,real
53996.jpg,1,real
45559.jpg,1,real
44148.jpg,1,real
17550.jpg,1,real
39043.jpg,1,real
04091.jpg,1,real
10731.jpg,1,real
47518.jpg,1,real
03179.jpg,1,real
38188.jpg,1,real
39126.jpg,1,real
58376.jpg,1,real
41299.jpg,1,real
20151.jpg,1,real
09839.jpg,1,real
00011.jpg,1,real
01094.jpg,1,real
12971.jpg,1,real
42335.jpg,1,real
04157.jpg,1,real
34383.jpg,1,real
54693.jpg,1,real
10871.jpg,1,real
28490.jpg,1,real
57947.jpg,1,real
50272.jpg,1,real
20965.jpg,1,real
28694.jpg,1,real
67682.jpg,1,real
51716.jpg,1,real
60207.jpg,1,real
03292.jpg,1,real
67723.jpg,1,real
19414.jpg,1,real
58867.jpg,1,real
11557.jpg,1,real
38810.jpg,1,real
49554.jpg,1,real
12746.jpg,1,real
50230.jpg,1,real
21384.jpg,1,real
06927.jpg,1,real
52587.jpg,1,real
41426.jpg,1,real
01393.jpg,1,real
02620.jpg,1,real
30228.jpg,1,real
57170.jpg,1,real
61976.jpg,1,real
10370.jpg,1,real
65993.jpg,1,real
43782.jpg,1,real
17455.jpg,1,real
19215.jpg,1,real
27599.jpg,1,real
12683.jpg,1,real
67786.jpg,1,real
33106.jpg,1,real
32258.jpg,1,real
66077.jpg,1,real
37005.jpg,1,real
30675.jpg,1,real
05085.jpg,1,real
29898.jpg,1,real
06806.jpg,1,real
09783.jpg,1,real
39239.jpg,1,real
03718.jpg,1,real
48206.jpg,1,real
37709.jpg,1,real
32930.jpg,1,real
10606.jpg,1,real
21053.jpg,1,real
50698.jpg,1,real
47204.jpg,1,real
56540.jpg,1,real
43831.jpg,1,real
48367.jpg,1,real
36976.jpg,1,real
10494.jpg,1,real
22936.jpg,1,real
30514.jpg,1,real
56704.jpg,1,real
00092.jpg,1,real
67442.jpg,1,real
41799.jpg,1,real
19801.jpg,1,real
55575.jpg,1,real
09997.jpg,1,real
31250.jpg,1,real
61012.jpg,1,real
13990.jpg,1,real
63246.jpg,1,real
12049.jpg,1,real
47243.jpg,1,real
14694.jpg,1,real
61251.jpg,1,real
28322.jpg,1,real
20952.jpg,1,real
37955.jpg,1,real
20121.jpg,1,real
65522.jpg,1,real
05771.jpg,1,real
25138.jpg,1,real
43880.jpg,1,real
01813.jpg,1,real
48865.jpg,1,real
64269.jpg,1,real
01481.jpg,1,real
39881.jpg,1,real
17183.jpg,1,real
44077.jpg,1,real
23554.jpg,1,real
36092.jpg,1,real
35927.jpg,1,real
11859.jpg,1,real
16187.jpg,1,real
68332.jpg,1,real
10371.jpg,1,real
15013.jpg,1,real
59757.jpg,1,real
60750.jpg,1,real
51730.jpg,1,real
49530.jpg,1,real
23146.jpg,1,real
67364.jpg,1,real
50190.jpg,1,real
44624.jpg,1,real
08754.jpg,1,real
45470.jpg,1,real
32577.jpg,1,real
03885.jpg,1,real
25968.jpg,1,real
66996.jpg,1,real
69052.jpg,1,real
35401.jpg,1,real
29908.jpg,1,real
50863.jpg,1,real
21417.jpg,1,real
32864.jpg,1,real
00766.jpg,1,real
42729.jpg,1,real
18223.jpg,1,real
28254.jpg,1,real
47178.jpg,1,real
00371.jpg,1,real
47853.jpg,1,real
43713.jpg,1,real
26937.jpg,1,real
56378.jpg,1,real
27486.jpg,1,real
05690.jpg,1,real
01477.jpg,1,real
21280.jpg,1,real
35255.jpg,1,real
34508.jpg,1,real
01515.jpg,1,real
58835.jpg,1,real
14529.jpg,1,real
49687.jpg,1,real
18538.jpg,1,real
58061.jpg,1,real
57961.jpg,1,real
30606.jpg,1,real
19408.jpg,1,real
11531.jpg,1,real
13826.jpg,1,real
24761.jpg,1,real
46722.jpg,1,real
40009.jpg,1,real
67483.jpg,1,real
36694.jpg,1,real
31705.jpg,1,real
04530.jpg,1,real
37093.jpg,1,real
22532.jpg,1,real
59737.jpg,1,real
69286.jpg,1,real
63561.jpg,1,real
58711.jpg,1,real
11969.jpg,1,real
33815.jpg,1,real
35534.jpg,1,real
67798.jpg,1,real
07790.jpg,1,real
34806.jpg,1,real
54106.jpg,1,real
30729.jpg,1,real
50226.jpg,1,real
00700.jpg,1,real
19131.jpg,1,real
24964.jpg,1,real
69364.jpg,1,real
53371.jpg,1,real
57586.jpg,1,real
61679.jpg,1,real
38373.jpg,1,real
41652.jpg,1,real
50629.jpg,1,real
06409.jpg,1,real
09096.jpg,1,real
63530.jpg,1,real
03165.jpg,1,real
45973.jpg,1,real
51047.jpg,1,real
38114.jpg,1,real
58074.jpg,1,real
47887.jpg,1,real
48743.jpg,1,real
20332.jpg,1,real
19319.jpg,1,real
21782.jpg,1,real
68585.jpg,1,real
41936.jpg,1,real
32009.jpg,1,real
00407.jpg,1,real
14060.jpg,1,real
29602.jpg,1,real
69196.jpg,1,real
38447.jpg,1,real
07037.jpg,1,real
38304.jpg,1,real
12587.jpg,1,real
05752.jpg,1,real
13177.jpg,1,real
24145.jpg,1,real
27816.jpg,1,real
06853.jpg,1,real
52279.jpg,1,real
10800.jpg,1,real
67846.jpg,1,real
45069.jpg,1,real
51535.jpg,1,real
46660.jpg,1,real
16862.jpg,1,real
59773.jpg,1,real
31990.jpg,1,real
57614.jpg,1,real
60376.jpg,1,real
37221.jpg,1,real
20425.jpg,1,real
68642.jpg,1,real
56834.jpg,1,real
68565.jpg,1,real
16483.jpg,1,real
11506.jpg,1,real
27908.jpg,1,real
08162.jpg,1,real
04093.jpg,1,real
32650.jpg,1,real
47159.jpg,1,real
08274.jpg,1,real
18688.jpg,1,real
28904.jpg,1,real
41843.jpg,1,real
53028.jpg,1,real
47797.jpg,1,real
14819.jpg,1,real
57959.jpg,1,real
10135.jpg,1,real
23311.jpg,1,real
28374.jpg,1,real
37377.jpg,1,real
20281.jpg,1,real
49621.jpg,1,real
58258.jpg,1,real
49826.jpg,1,real
25346.jpg,1,real
67693.jpg,1,real
14806.jpg,1,real
68490.jpg,1,real
11797.jpg,1,real
52349.jpg,1,real
61597.jpg,1,real
34063.jpg,1,real
22408.jpg,1,real
47396.jpg,1,real
42357.jpg,1,real
21279.jpg,1,real
13310.jpg,1,real
64162.jpg,1,real
36294.jpg,1,real
32665.jpg,1,real
43665.jpg,1,real
51438.jpg,1,real
09046.jpg,1,real
09129.jpg,1,real
53348.jpg,1,real
28082.jpg,1,real
54867.jpg,1,real
67822.jpg,1,real
19091.jpg,1,real
02952.jpg,1,real
23979.jpg,1,real
59264.jpg,1,real
54608.jpg,1,real
54777.jpg,1,real
33304.jpg,1,real
08877.jpg,1,real
28010.jpg,1,real
36046.jpg,1,real
59886.jpg,1,real
65788.jpg,1,real
62746.jpg,1,real
12222.jpg,1,real
65994.jpg,1,real
26803.jpg,1,real
56751.jpg,1,real
60038.jpg,1,real
02414.jpg,1,real
38231.jpg,1,real
63535.jpg,1,real
48118.jpg,1,real
35876.jpg,1,real
00584.jpg,1,real
01969.jpg,1,real
64808.jpg,1,real
49492.jpg,1,real
35994.jpg,1,real
04917.jpg,1,real
64915.jpg,1,real
07449.jpg,1,real
43477.jpg,1,real
11971.jpg,1,real
27365.jpg,1,real
44936.jpg,1,real
27246.jpg,1,real
33193.jpg,1,real
26040.jpg,1,real
23832.jpg,1,real
00073.jpg,1,real
09939.jpg,1,real
35984.jpg,1,real
46610.jpg,1,real
18990.jpg,1,real
28315.jpg,1,real
26620.jpg,1,real
38701.jpg,1,real
44402.jpg,1,real
18815.jpg,1,real
64751.jpg,1,real
02499.jpg,1,real
28291.jpg,1,real
06829.jpg,1,real
62839.jpg,1,real
63045.jpg,1,real
51457.jpg,1,real
29734.jpg,1,real
42079.jpg,1,real
29772.jpg,1,real
17324.jpg,1,real
04634.jpg,1,real
27126.jpg,1,real
14115.jpg,1,real
22433.jpg,1,real
63577.jpg,1,real
29087.jpg,1,real
02243.jpg,1,real
39142.jpg,1,real
23475.jpg,1,real
05464.jpg,1,real
67651.jpg,1,real
12972.jpg,1,real
25928.jpg,1,real
54545.jpg,1,real
47893.jpg,1,real
04500.jpg,1,real
47060.jpg,1,real
15739.jpg,1,real
14297.jpg,1,real
14221.jpg,1,real
55833.jpg,1,real
03405.jpg,1,real
58685.jpg,1,real
11308.jpg,1,real
31697.jpg,1,real
04783.jpg,1,real
56832.jpg,1,real
12194.jpg,1,real
57115.jpg,1,real
08458.jpg,1,real
32440.jpg,1,real
65583.jpg,1,real
29266.jpg,1,real
00972.jpg,1,real
52154.jpg,1,real
37333.jpg,1,real
42097.jpg,1,real
04049.jpg,1,real
42763.jpg,1,real
52343.jpg,1,real
35263.jpg,1,real
13727.jpg,1,real
59390.jpg,1,real
04715.jpg,1,real
33330.jpg,1,real
61138.jpg,1,real
11347.jpg,1,real
39449.jpg,1,real
69720.jpg,1,real
51134.jpg,1,real
45402.jpg,1,real
52334.jpg,1,real
39162.jpg,1,real
56178.jpg,1,real
44345.jpg,1,real
53095.jpg,1,real
24202.jpg,1,real
41333.jpg,1,real
44084.jpg,1,real
49276.jpg,1,real
15959.jpg,1,real
29116.jpg,1,real
35366.jpg,1,real
62256.jpg,1,real
36631.jpg,1,real
59729.jpg,1,real
29199.jpg,1,real
61816.jpg,1,real
31561.jpg,1,real
47380.jpg,1,real
15645.jpg,1,real
00811.jpg,1,real
19345.jpg,1,real
38893.jpg,1,real
69562.jpg,1,real
28612.jpg,1,real
29295.jpg,1,real
53823.jpg,1,real
47782.jpg,1,real
49531.jpg,1,real
00810.jpg,1,real
22644.jpg,1,real
42467.jpg,1,real
20500.jpg,1,real
47202.jpg,1,real
57112.jpg,1,real
60909.jpg,1,real
31389.jpg,1,real
36954.jpg,1,real
05912.jpg,1,real
56245.jpg,1,real
66265.jpg,1,real
52843.jpg,1,real
57388.jpg,1,real
26645.jpg,1,real
68690.jpg,1,real
29220.jpg,1,real
28122.jpg,1,real
13580.jpg,1,real
15050.jpg,1,real
59914.jpg,1,real
03280.jpg,1,real
62363.jpg,1,real
18171.jpg,1,real
57145.jpg,1,real
35229.jpg,1,real
55814.jpg,1,real
25115.jpg,1,real
44320.jpg,1,real
05890.jpg,1,real
23756.jpg,1,real
53106.jpg,1,real
14968.jpg,1,real
54433.jpg,1,real
19581.jpg,1,real
69469.jpg,1,real
68213.jpg,1,real
23622.jpg,1,real
12395.jpg,1,real
11682.jpg,1,real
31676.jpg,1,real
67485.jpg,1,real
35375.jpg,1,real
58107.jpg,1,real
54730.jpg,1,real
17883.jpg,1,real
66053.jpg,1,real
42001.jpg,1,real
30062.jpg,1,real
42109.jpg,1,real
38863.jpg,1,real
19941.jpg,1,real
10224.jpg,1,real
69897.jpg,1,real
19748.jpg,1,real
31978.jpg,1,real
24393.jpg,1,real
48645.jpg,1,real
03016.jpg,1,real
47255.jpg,1,real
12928.jpg,1,real
34068.jpg,1,real
39923.jpg,1,real
28087.jpg,1,real
14739.jpg,1,real
18114.jpg,1,real
53598.jpg,1,real
16040.jpg,1,real
11231.jpg,1,real
10319.jpg,1,real
10304.jpg,1,real
54282.jpg,1,real
51612.jpg,1,real
47352.jpg,1,real
65829.jpg,1,real
41042.jpg,1,real
11899.jpg,1,real
13525.jpg,1,real
41514.jpg,1,real
23699.jpg,1,real
60509.jpg,1,real
37842.jpg,1,real
04616.jpg,1,real
43923.jpg,1,real
41746.jpg,1,real
23804.jpg,1,real
20563.jpg,1,real
35230.jpg,1,real
67542.jpg,1,real
01691.jpg,1,real
03151.jpg,1,real
05613.jpg,1,real
39996.jpg,1,real
63307.jpg,1,real
01480.jpg,1,real
69388.jpg,1,real
33498.jpg,1,real
44377.jpg,1,real
17182.jpg,1,real
19957.jpg,1,real
54909.jpg,1,real
65793.jpg,1,real
01994.jpg,1,real
28084.jpg,1,real
66164.jpg,1,real
49772.jpg,1,real
65975.jpg,1,real
69484.jpg,1,real
62856.jpg,1,real
39958.jpg,1,real
67457.jpg,1,real
03837.jpg,1,real
37123.jpg,1,real
46637.jpg,1,real
35761.jpg,1,real
36800.jpg,1,real
69439.jpg,1,real
56081.jpg,1,real
24795.jpg,1,real
29641.jpg,1,real
35866.jpg,1,real
33194.jpg,1,real
69471.jpg,1,real
64799.jpg,1,real
09936.jpg,1,real
43409.jpg,1,real
34519.jpg,1,real
46589.jpg,1,real
67801.jpg,1,real
40430.jpg,1,real
3RZEIIJW9A.jpg,0,fake
UGC8XK2LGQ.jpg,0,fake
6RF3NSUFVZ.jpg,0,fake
6EQWAZW205.jpg,0,fake
3QERCF6BMJ.jpg,0,fake
4ULRCRZRZW.jpg,0,fake
TYQK739NB9.jpg,0,fake
9RPRYICZAR.jpg,0,fake
3FVV65V0SI.jpg,0,fake
CF7KIN55MR.jpg,0,fake
B8NN3Y9GIS.jpg,0,fake
Y1JU0XJX5V.jpg,0,fake
3Q1WMM9B29.jpg,0,fake
VS42MYSITT.jpg,0,fake
8T3WC7MN7Z.jpg,0,fake
VKFUYXTN4T.jpg,0,fake
PB0W72QLPK.jpg,0,fake
29EX82QUK9.jpg,0,fake
QFVHVDUJF6.jpg,0,fake
JZ4WOENVN3.jpg,0,fake
3XO7GXFDZ3.jpg,0,fake
8WMVLJ2OR5.jpg,0,fake
3WS8BXCTFE.jpg,0,fake
BX8YOX8VHW.jpg,0,fake
ESNIBODKEY.jpg,0,fake
NH278J0C90.jpg,0,fake
MFC3SAMEWB.jpg,0,fake
UL4GOI4YCU.jpg,0,fake
XOTL7W75PS.jpg,0,fake
XU2GV68GO3.jpg,0,fake
AYTHYZ9PTQ.jpg,0,fake
D61SLG0Q79.jpg,0,fake
CYDW1YCEFT.jpg,0,fake
ZPU96Q7OHU.jpg,0,fake
TSWDIAKCNL.jpg,0,fake
V1B24926HY.jpg,0,fake
3VOPOED4EJ.jpg,0,fake
0MX72QMVFT.jpg,0,fake
1XVS78YYM8.jpg,0,fake
WCNF6X3SNK.jpg,0,fake
Z24QVJSLQV.jpg,0,fake
R85PQUP7NC.jpg,0,fake
HFY8IRAOS8.jpg,0,fake
R83HNCSLM2.jpg,0,fake
YW1PU8MYNE.jpg,0,fake
6AAUG469PL.jpg,0,fake
3XXN6NDMZB.jpg,0,fake
9PQKCY25OI.jpg,0,fake
QY8A8WKKO2.jpg,0,fake
GNP7W0XAAG.jpg,0,fake
ICHE0TP7P4.jpg,0,fake
5DZRXJ245I.jpg,0,fake
T28CMNFWGS.jpg,0,fake
5NB2P5SVRC.jpg,0,fake
KWER0XYCZO.jpg,0,fake
L59ERQB4JZ.jpg,0,fake
53FY0ZMLN7.jpg,0,fake
PCFL0XYU5U.jpg,0,fake
MENKTRHRRB.jpg,0,fake
UJKC3Q2AV5.jpg,0,fake
4060VXX0GH.jpg,0,fake
M417KTJ910.jpg,0,fake
ZY14DZ1XJR.jpg,0,fake
MWAMAMJJGO.jpg,0,fake
ZGU0C11WG5.jpg,0,fake
TALLXA7M4F.jpg,0,fake
0BS5GRC7YP.jpg,0,fake
LW2IIECCZ5.jpg,0,fake
1AUWG7MBSU.jpg,0,fake
4Y1YGBWL9M.jpg,0,fake
FGVQ0ZAN1S.jpg,0,fake
QJLOASASIY.jpg,0,fake
XNDOL7WDDL.jpg,0,fake
LT8E44SD6D.jpg,0,fake
9R42PX3D11.jpg,0,fake
HVS4Q816MQ.jpg,0,fake
3P7YN5LCPM.jpg,0,fake
55EE1M3ESR.jpg,0,fake
3SQ98I52DO.jpg,0,fake
4119XTU5JK.jpg,0,fake
CH3N444O3D.jpg,0,fake
U5H5SIRJ7N.jpg,0,fake
GFXAMQXKRZ.jpg,0,fake
WRLV19DMBI.jpg,0,fake
F8CR5RMRIT.jpg,0,fake
N994T79EPO.jpg,0,fake
6ZG3XNZWMK.jpg,0,fake
4A8Q1YZQ8S.jpg,0,fake
QPP56RE7TX.jpg,0,fake
8RJGK4B9H9.jpg,0,fake
FQJFSCA9DV.jpg,0,fake
SRU5PSZHEO.jpg,0,fake
I6SZ4T8B0G.jpg,0,fake
0M2QNY7J6Q.jpg,0,fake
FGQIT4KVM9.jpg,0,fake
3J7RN6PSTU.jpg,0,fake
NPDIS047VR.jpg,0,fake
SX4JLMA6B5.jpg,0,fake
ZERH4FC1EX.jpg,0,fake
HM8F2YTFAT.jpg,0,fake
Y9SIV1G0AQ.jpg,0,fake
CHSKSLQYJ7.jpg,0,fake
F5HVOCW3C5.jpg,0,fake
LP5MGEA14V.jpg,0,fake
3F9YE5VVSW.jpg,0,fake
4O0DI4SE1X.jpg,0,fake
N3Z552FMWE.jpg,0,fake
ND8NZ33EMY.jpg,0,fake
WUSNE6FQT8.jpg,0,fake
ZXPK3XRT2H.jpg,0,fake
WG8431UT43.jpg,0,fake
IGWCH4BOGW.jpg,0,fake
YG1VMQSO63.jpg,0,fake
YGSZVC8KGJ.jpg,0,fake
FVLBAB5LAJ.jpg,0,fake
OV92FVPK56.jpg,0,fake
Y2CD19JS1O.jpg,0,fake
LJAW5NC3Q8.jpg,0,fake
TVV5CQNT77.jpg,0,fake
FV71GQL9SH.jpg,0,fake
KUTE3DJTUV.jpg,0,fake
PDRF122NZB.jpg,0,fake
I5D9WFL8GD.jpg,0,fake
ZATFQYC3CL.jpg,0,fake
9JGSM8QM2P.jpg,0,fake
VDXLHHDIHZ.jpg,0,fake
WHVWQ1TH07.jpg,0,fake
KQE7Z75Z2V.jpg,0,fake
I86RCJ53J6.jpg,0,fake
3A0XKYJIXC.jpg,0,fake
LFTY2ZKRV5.jpg,0,fake
BTC0YEBOGO.jpg,0,fake
OPVM1U681T.jpg,0,fake
3G6DMD5L8J.jpg,0,fake
H8GU7BS86L.jpg,0,fake
FTJNUCNWZZ.jpg,0,fake
PWXTX771NG.jpg,0,fake
TYU9TXNH30.jpg,0,fake
DLTF54L8QL.jpg,0,fake
NKQ8CD3B8S.jpg,0,fake
LMBM5AZEAQ.jpg,0,fake
75NEMJOW2U.jpg,0,fake
JRERIXKYIB.jpg,0,fake
LSAPFZG9RR.jpg,0,fake
LP814FXDUM.jpg,0,fake
SK3JZ1HKVG.jpg,0,fake
6R8MYD1WTR.jpg,0,fake
Z4D9F329O1.jpg,0,fake
YPBVDKBKTL.jpg,0,fake
J9D85Q2KOZ.jpg,0,fake
J1EJABVF37.jpg,0,fake
1NPH9Z2ETN.jpg,0,fake
IEY7KHW0QJ.jpg,0,fake
R0I3XEZLHN.jpg,0,fake
BJS1C7P5U9.jpg,0,fake
NVM294AS77.jpg,0,fake
3C8UP7V420.jpg,0,fake
RJ5GXB50J2.jpg,0,fake
VSARWE9L95.jpg,0,fake
U8TTAXX069.jpg,0,fake
AKAET8PU4H.jpg,0,fake
MRT4LT7ELN.jpg,0,fake
R3KPLV9TFR.jpg,0,fake
QQCWVYZM9M.jpg,0,fake
CBLVEG14MO.jpg,0,fake
ZUX3D1U4RG.jpg,0,fake
U59UEHCJRW.jpg,0,fake
SAEQJSGRXL.jpg,0,fake
A9CVTQU9ES.jpg,0,fake
JP873M6SJL.jpg,0,fake
OK4L8ADW4V.jpg,0,fake
0761YKUSD9.jpg,0,fake
JPXBO21OCV.jpg,0,fake
81P9ZJW9VQ.jpg,0,fake
LV6CT1OFJD.jpg,0,fake
DHN21FNCUR.jpg,0,fake
N6AP82D8AS.jpg,0,fake
68CDGW9CNR.jpg,0,fake
1TD4QDEGF0.jpg,0,fake
SRDTTV00H7.jpg,0,fake
NJUE03U79U.jpg,0,fake
ARHH18BQLX.jpg,0,fake
HGMKG7LMG3.jpg,0,fake
MZQD3Y3DHA.jpg,0,fake
EJKQRXWDD8.jpg,0,fake
JWZVZEC57I.jpg,0,fake
3XS35FGF71.jpg,0,fake
38QCEIPDQI.jpg,0,fake
6Z8FGV2NDF.jpg,0,fake
5TVFA7WXE6.jpg,0,fake
ZCH35V437C.jpg,0,fake
WAWOX1ZSFE.jpg,0,fake
YULV0AHVMN.jpg,0,fake
85JHXMCIUS.jpg,0,fake
JYII2SPW3X.jpg,0,fake
146AWCPVIY.jpg,0,fake
6Z5NVIP7FY.jpg,0,fake
OHU3D8L93F.jpg,0,fake
EZD7SRRI2W.jpg,0,fake
PZYVIZCSR4.jpg,0,fake
LNHCS16UU1.jpg,0,fake
3OFCWXGX7O.jpg,0,fake
349371T35Y.jpg,0,fake
DLIF3XQ0O9.jpg,0,fake
18JYLAOZ7J.jpg,0,fake
W9J50VQ6GB.jpg,0,fake
9KS6OG0JCE.jpg,0,fake
G204N438QO.jpg,0,fake
TNFUT0XAAD.jpg,0,fake
1D34V9HIOQ.jpg,0,fake
EQUT014Z28.jpg,0,fake
7QK54OTZIM.jpg,0,fake
9TVES0MJHF.jpg,0,fake
1UD1AIGDPE.jpg,0,fake
6UUF8PZ3D4.jpg,0,fake
CLUAKAYT0Y.jpg,0,fake
WVQCS3IQHY.jpg,0,fake
0VQ7FFO5H6.jpg,0,fake
XUEJZXAO1A.jpg,0,fake
QT45OHIKUQ.jpg,0,fake
VGKQEXIEXU.jpg,0,fake
KUDVY6LQUR.jpg,0,fake
0LM79N6W8B.jpg,0,fake
XYOF2TSCOU.jpg,0,fake
9MM8PIGC2Z.jpg,0,fake
NCXUZBYVSE.jpg,0,fake
OBEKERBZRG.jpg,0,fake
5YHUP5QVWD.jpg,0,fake
4I9VNG5I7S.jpg,0,fake
C0WSDEXQ5Y.jpg,0,fake
9PXKPPA59E.jpg,0,fake
LND4O47GAV.jpg,0,fake
HEO9K7S0IR.jpg,0,fake
CYBS47GQAU.jpg,0,fake
HCEPNYE7QM.jpg,0,fake
DD27Q5R8DQ.jpg,0,fake
JYS25YS1N9.jpg,0,fake
PQU085OLRY.jpg,0,fake
Y0NTCQRPXA.jpg,0,fake
XSSEQU0XR0.jpg,0,fake
H8NNZ6BPA5.jpg,0,fake
XE5VH97UMR.jpg,0,fake
3ZC6TG3IO3.jpg,0,fake
MV9GRT0LSK.jpg,0,fake
1W81B4KT9Y.jpg,0,fake
6HIEXFEMY6.jpg,0,fake
56LESAOBX6.jpg,0,fake
VLHGJA8AXC.jpg,0,fake
NF3AXM5DCS.jpg,0,fake
Y9OTSBH0LV.jpg,0,fake
VFEWB0F2XR.jpg,0,fake
TMYG1SHJ55.jpg,0,fake
DG4ASBYUK8.jpg,0,fake
GXAEHF92SK.jpg,0,fake
H1UMHVSA0L.jpg,0,fake
7V4EKEF6I9.jpg,0,fake
FR3ZGK0AZV.jpg,0,fake
KEJZ0KT1IA.jpg,0,fake
W49I9R0ICU.jpg,0,fake
NPTHJEVXC2.jpg,0,fake
VS0CKBN7PO.jpg,0,fake
2S3FBN0G54.jpg,0,fake
OT8P530YK0.jpg,0,fake
XYWKP4S2OY.jpg,0,fake
ID60HILBC9.jpg,0,fake
QFD1ZO9ZTB.jpg,0,fake
2XUNP2BVAN.jpg,0,fake
YMXU8KF61P.jpg,0,fake
1Y8FL1BC4U.jpg,0,fake
XUNFWQH2YS.jpg,0,fake
QAV5KI2Z4E.jpg,0,fake
1ZSU92OAB2.jpg,0,fake
GVD5G54HZ2.jpg,0,fake
43JN4VISOP.jpg,0,fake
EU9U2ST3K9.jpg,0,fake
F9DI3WV7SS.jpg,0,fake
5KTHU813CK.jpg,0,fake
5C6T9Q2694.jpg,0,fake
VD1PXUOLX6.jpg,0,fake
O9VGL88LI2.jpg,0,fake
Z8BCLQK133.jpg,0,fake
7A5LQ4B5J8.jpg,0,fake
VJFS7EBP1F.jpg,0,fake
YRELBTL989.jpg,0,fake
DZ8DFRFMH3.jpg,0,fake
99HW0AHFC5.jpg,0,fake
AXHUSTSHGH.jpg,0,fake
4W11OUXXJQ.jpg,0,fake
GECQ3ESLAE.jpg,0,fake
C4OID7NACT.jpg,0,fake
T8706RSVFZ.jpg,0,fake
1EBLEY1SNO.jpg,0,fake
WJCIEI6MA6.jpg,0,fake
RK8COJAR7Q.jpg,0,fake
UWG1EJZ2OY.jpg,0,fake
6TOP50DF8O.jpg,0,fake
2Y1L9QVZ9D.jpg,0,fake
T6FY8C5XBM.jpg,0,fake
BLILXB6T3A.jpg,0,fake
TG2A608C30.jpg,0,fake
8MO0HY4EDV.jpg,0,fake
Z5L12OG3AZ.jpg,0,fake
MO9Y122HX6.jpg,0,fake
J43FS32FMP.jpg,0,fake
LGC2DFYEMT.jpg,0,fake
KB0GO9UR0S.jpg,0,fake
98S631AKNL.jpg,0,fake
HQF92IR48H.jpg,0,fake
UIJIRK4RK9.jpg,0,fake
2CQE1956CG.jpg,0,fake
71I1PREXJI.jpg,0,fake
30IW7HVKXC.jpg,0,fake
6UYC1XE39X.jpg,0,fake
RWEV4E7XX4.jpg,0,fake
S0T4XH5UD9.jpg,0,fake
MDYOZTCWU5.jpg,0,fake
2RGATBNW2E.jpg,0,fake
KX5W0CF1NW.jpg,0,fake
53MQSWOKOT.jpg,0,fake
PENCM82XBN.jpg,0,fake
EXTWMC84LQ.jpg,0,fake
B9C3GA2GEZ.jpg,0,fake
8WPQ35ZISG.jpg,0,fake
9RFLX0TP7Y.jpg,0,fake
N37J27QIUA.jpg,0,fake
JU20CWXY2Q.jpg,0,fake
T0OQCORZY4.jpg,0,fake
RSZ2YOGJK3.jpg,0,fake
AYKHSR4MMZ.jpg,0,fake
FU7YSBX4XK.jpg,0,fake
1Y0XLSKB50.jpg,0,fake
FZCVRRSNOA.jpg,0,fake
QDBTMNGYXO.jpg,0,fake
09PFDBR91X.jpg,0,fake
KTDEZPZV2X.jpg,0,fake
8BU97UQ4S9.jpg,0,fake
6T4FHWX9VY.jpg,0,fake
Q7IXWFPFT4.jpg,0,fake
C0Z94USXF1.jpg,0,fake
VQ87ECJUS9.jpg,0,fake
L8QV0CG4MZ.jpg,0,fake
OZS3BCXDD3.jpg,0,fake
NNL6TIE3QC.jpg,0,fake
RQNLK52DZA.jpg,0,fake
G5Z3Q0XBA5.jpg,0,fake
FSMMYMPZKZ.jpg,0,fake
17HW6D4LQI.jpg,0,fake
RU5U4SYNF8.jpg,0,fake
JB52F8G28Y.jpg,0,fake
HAUUTTI0ZC.jpg,0,fake
OBLD74AAEL.jpg,0,fake
20B0UTKYQU.jpg,0,fake
9J98UZYZ86.jpg,0,fake
HLEZ00O4W2.jpg,0,fake
0M182T83K2.jpg,0,fake
UURGY0XM1C.jpg,0,fake
I3HNDYTW0U.jpg,0,fake
W47KFRGO5L.jpg,0,fake
CCMCZCXBOM.jpg,0,fake
K3DTWNQM7Z.jpg,0,fake
354E4Z2O99.jpg,0,fake
4QLL25HS5R.jpg,0,fake
9Q4YS7BTHJ.jpg,0,fake
LYTPMTPQAY.jpg,0,fake
H5FG28284H.jpg,0,fake
221HUWYJB9.jpg,0,fake
QRU9NNBJQY.jpg,0,fake
O5GHBOZ4PD.jpg,0,fake
P3XMXSQ64H.jpg,0,fake
5N4U06BJ6L.jpg,0,fake
FLRLV2XTJM.jpg,0,fake
JGPUHIWJ9D.jpg,0,fake
5USK9A4R48.jpg,0,fake
ZQA5H0JWZL.jpg,0,fake
J6K7450NNH.jpg,0,fake
M613ESATAC.jpg,0,fake
3QFHULWGPC.jpg,0,fake
VABX8UU91F.jpg,0,fake
ZRFDO9V3VG.jpg,0,fake
R6A78CZ0DX.jpg,0,fake
QBQ0JYO3T7.jpg,0,fake
SA74PTONN0.jpg,0,fake
FS9AYU03V1.jpg,0,fake
YOSNN0NBLY.jpg,0,fake
R4J0RQWFZM.jpg,0,fake
X10PVRCQFU.jpg,0,fake
L4DSQXM9E4.jpg,0,fake
ILJM4T9CY9.jpg,0,fake
9ZNB76N7W4.jpg,0,fake
C2F1D162WD.jpg,0,fake
BPL3YEZ7PE.jpg,0,fake
VHGGLO1LY4.jpg,0,fake
YBM9AKEMWI.jpg,0,fake
FAD7R2G6KC.jpg,0,fake
S5BJFN224T.jpg,0,fake
RVKM1F375U.jpg,0,fake
KGM0FNJ1SN.jpg,0,fake
4G6JK35XMA.jpg,0,fake
UI9AR7OFNI.jpg,0,fake
PFM4XP74KO.jpg,0,fake
RQ8JQOMPB0.jpg,0,fake
U6KP5WYNOY.jpg,0,fake
U0F1NX6JB3.jpg,0,fake
ZQED69XYVL.jpg,0,fake
YZ6YU0O6L5.jpg,0,fake
ZUWQ8FCLU9.jpg,0,fake
G169C9THTW.jpg,0,fake
49Y9UHQRUX.jpg,0,fake
9ULHGZM95U.jpg,0,fake
Y82D2RNSTG.jpg,0,fake
E5JW2ATZQO.jpg,0,fake
IAU1LDP2FS.jpg,0,fake
R6PJLDO7VP.jpg,0,fake
UVW4SCEWY6.jpg,0,fake
JSG3ANLOS9.jpg,0,fake
X2OU9S5B21.jpg,0,fake
8CPFIYTO1E.jpg,0,fake
H2RVZITSHB.jpg,0,fake
7VWUCHUATI.jpg,0,fake
FLGZUPHO0T.jpg,0,fake
20LD0KO122.jpg,0,fake
IPFB7BORHO.jpg,0,fake
2KTBX8E409.jpg,0,fake
04QPDM7UHF.jpg,0,fake
SFG6HHXMPD.jpg,0,fake
N3BYR1IVJG.jpg,0,fake
MGY8X35TI0.jpg,0,fake
SR6K1M211H.jpg,0,fake
9TTP9QZ26H.jpg,0,fake
FT7ZYX6TQJ.jpg,0,fake
039B7QAHHF.jpg,0,fake
YAZGRY0BBQ.jpg,0,fake
BXSCPI685N.jpg,0,fake
9F9QERBAII.jpg,0,fake
0QQ9I88W13.jpg,0,fake
CEBXS4LAFL.jpg,0,fake
4B5DBC8YT1.jpg,0,fake
KTWDL3JR1E.jpg,0,fake
6RSNP5XO8O.jpg,0,fake
YCG8KIN4FZ.jpg,0,fake
F2UG9YQLTT.jpg,0,fake
OWUSV230WB.jpg,0,fake
92MLDUDWYG.jpg,0,fake
YIMQIK6UUW.jpg,0,fake
LD8J69480T.jpg,0,fake
2QTKQJQ8W3.jpg,0,fake
QUOLUCUAXS.jpg,0,fake
BT5IWYH31N.jpg,0,fake
AFYIBFK8BZ.jpg,0,fake
YVJM54KTP5.jpg,0,fake
ACPNZASH91.jpg,0,fake
JHKHXENXLH.jpg,0,fake
565OZW2B66.jpg,0,fake
Y8B7B4X3AG.jpg,0,fake
RO0FHJQA3J.jpg,0,fake
K9AQQDJY27.jpg,0,fake
6GEJHU9DUH.jpg,0,fake
GA99R6DMLN.jpg,0,fake
ML1T90YNV3.jpg,0,fake
47HHGFEON8.jpg,0,fake
0JPZKGZDQK.jpg,0,fake
QJZNPA6NIQ.jpg,0,fake
DMB2LOXRAH.jpg,0,fake
62F45AD2Q7.jpg,0,fake
79JL83L9H1.jpg,0,fake
YTZ3AFWHIR.jpg,0,fake
A1DIBIU2ST.jpg,0,fake
VYT4NF4OGM.jpg,0,fake
J17A2HYG6K.jpg,0,fake
M8FTVUJWNB.jpg,0,fake
0ZDLJ4V0MO.jpg,0,fake
94TWNOX3KP.jpg,0,fake
5K2PL0N7IB.jpg,0,fake
1ED43P45ZN.jpg,0,fake
UL1TEXUBYH.jpg,0,fake
Z0JNTR0EPK.jpg,0,fake
A33LT3GU92.jpg,0,fake
OJHIL45KS3.jpg,0,fake
E1LDSASOC8.jpg,0,fake
K9LHER8VEV.jpg,0,fake
LTN50RTT7L.jpg,0,fake
MQQOYHK4BQ.jpg,0,fake
XQ7OOM2KV2.jpg,0,fake
P3577H5ZGH.jpg,0,fake
NERFMM2JAA.jpg,0,fake
V0RFVE4509.jpg,0,fake
46DFLIM6WW.jpg,0,fake
U0FHV0Y10X.jpg,0,fake
OXITWRVCSK.jpg,0,fake
AT59FVBECM.jpg,0,fake
KTER9ZFNU3.jpg,0,fake
SSF24YMSCB.jpg,0,fake
QN1M9OZWQ1.jpg,0,fake
W88EA3VLLA.jpg,0,fake
FQIFB740AW.jpg,0,fake
3WXBW7CNYA.jpg,0,fake
YXPIDPDWTB.jpg,0,fake
0DXBAMP4TE.jpg,0,fake
W8GU8FWUGM.jpg,0,fake
QLPQP937TK.jpg,0,fake
4WXQ4RM3TX.jpg,0,fake
MXFONH45AG.jpg,0,fake
YNCR4H0AIP.jpg,0,fake
K8HFH7BLID.jpg,0,fake
6JQE6YAGOL.jpg,0,fake
6JMX17Q4I5.jpg,0,fake
E6TMKBNNWO.jpg,0,fake
8ADDMR1A30.jpg,0,fake
HEKS5RA7CH.jpg,0,fake
X2K6LYOS61.jpg,0,fake
4H2YBGW5RG.jpg,0,fake
XDRGWWF0CV.jpg,0,fake
S1CLOMY2AP.jpg,0,fake
NXBJ140L9O.jpg,0,fake
AVQYOARIH5.jpg,0,fake
COU0E0HCG9.jpg,0,fake
1VRSCM1PIL.jpg,0,fake
69U0B7N4ZI.jpg,0,fake
BE1IB1Q8RT.jpg,0,fake
XMC31L2G1I.jpg,0,fake
3OI114NA0F.jpg,0,fake
RG3CQ3OBBB.jpg,0,fake
FGMSZPNYE1.jpg,0,fake
LYZ70EUX28.jpg,0,fake
HRSQSVG2DH.jpg,0,fake
WY33IOVOXP.jpg,0,fake
N4ETZKXPKS.jpg,0,fake
NNIQ502JRV.jpg,0,fake
2WGL52JQFW.jpg,0,fake
EJW0120QNN.jpg,0,fake
DF0OPZUJC0.jpg,0,fake
2HXHHQA7ML.jpg,0,fake
UU29KGSGDD.jpg,0,fake
388NW3VOXG.jpg,0,fake
EL8QPTWKPN.jpg,0,fake
WPAJF3SK3J.jpg,0,fake
RJ8RMDAAQV.jpg,0,fake
8KK6GUWE4O.jpg,0,fake
0S626C68TC.jpg,0,fake
EFFD4NAGDN.jpg,0,fake
IU8R4T8VUB.jpg,0,fake
RXZ0JRZHUI.jpg,0,fake
0R7QY7MIHF.jpg,0,fake
8RWST4D5Q3.jpg,0,fake
YSHP3B7LXV.jpg,0,fake
2RQ5167O09.jpg,0,fake
EH83N7Q7UR.jpg,0,fake
ZU9U4T5C7N.jpg,0,fake
P7Q00BQH7G.jpg,0,fake
NZSYL6WR3D.jpg,0,fake
IADH6K2XCS.jpg,0,fake
PN22UUMRMR.jpg,0,fake
4BM2MDUX70.jpg,0,fake
8UB575DGJ1.jpg,0,fake
2M8KM2C0VZ.jpg,0,fake
309KQ2RX0N.jpg,0,fake
CEUVER6QFC.jpg,0,fake
SG91LEHRWE.jpg,0,fake
78VNA10BXF.jpg,0,fake
K0JK6IFCUX.jpg,0,fake
FDMEIM44AM.jpg,0,fake
MY5WZ6K77W.jpg,0,fake
B3ZW0GSZ6L.jpg,0,fake
QHXDFZ5CB0.jpg,0,fake
1VPXL6HURE.jpg,0,fake
HGNJOMP6F3.jpg,0,fake
PY6ZWSWD0H.jpg,0,fake
FXKG1HJNV0.jpg,0,fake
F6MDU1OEOM.jpg,0,fake
BBBBS7QLPL.jpg,0,fake
F1ZT7HDGAT.jpg,0,fake
MR20585SV4.jpg,0,fake
DINA86SSC0.jpg,0,fake
CEE84Z8FJU.jpg,0,fake
5FGKYN6BVY.jpg,0,fake
P59HAT6BFX.jpg,0,fake
366W29L0AV.jpg,0,fake
C1AYI33B2R.jpg,0,fake
2R7ODDKKYH.jpg,0,fake
7W1VBYRKQ5.jpg,0,fake
AJSSBMU7JV.jpg,0,fake
MBXC6LWECY.jpg,0,fake
5X0V1SHDF6.jpg,0,fake
PJFK8SUXRD.jpg,0,fake
0BZOEP0EQ4.jpg,0,fake
54M8UZ5UJP.jpg,0,fake
BB61IOEVWG.jpg,0,fake
OG6FM0MZYV.jpg,0,fake
GMVJ5DU369.jpg,0,fake
TYTKZBQ5M6.jpg,0,fake
F67ZPPMA9J.jpg,0,fake
SQPFSJ40WB.jpg,0,fake
FMUVXTJRTH.jpg,0,fake
AMJZJ2ZFZ8.jpg,0,fake
Q2GS0CRUBK.jpg,0,fake
2TQUI1C1IF.jpg,0,fake
I808JJQ20R.jpg,0,fake
V3VAQWESPJ.jpg,0,fake
ILNJ5OO7VU.jpg,0,fake
408P7ASY7K.jpg,0,fake
GYIWUFYSFU.jpg,0,fake
6D46LU27R9.jpg,0,fake
3DTECHY2A2.jpg,0,fake
NL4CHNFAT8.jpg,0,fake
WWRWBORX9A.jpg,0,fake
SREXRD97AY.jpg,0,fake
GBIU30PKTU.jpg,0,fake
219C3BUEAE.jpg,0,fake
7I5B2OA4ZE.jpg,0,fake
R7020HWBHF.jpg,0,fake
0ZE2Z2SWFG.jpg,0,fake
TRLYILQ0BE.jpg,0,fake
LBQWCCWBE9.jpg,0,fake
XM2CH6ZVUG.jpg,0,fake
2DG8I6HS6R.jpg,0,fake
3J07HGRFD6.jpg,0,fake
57R4IBFF7L.jpg,0,fake
3MM8C9G5YW.jpg,0,fake
2BA62TT0TO.jpg,0,fake
60ZF710GLC.jpg,0,fake
37A16BSPQQ.jpg,0,fake
ZPBVW03Q1F.jpg,0,fake
U6V83DJGNS.jpg,0,fake
FWBVMQ30CZ.jpg,0,fake
J8AUECXAQX.jpg,0,fake
3D6G5W9E6Z.jpg,0,fake
OGBT586PER.jpg,0,fake
NXLXIRHKNR.jpg,0,fake
IE4WLBNATB.jpg,0,fake
N0R7PX0OGK.jpg,0,fake
A46WD6KQQN.jpg,0,fake
64VUFU73BQ.jpg,0,fake
VESW9BX0QW.jpg,0,fake
1XN1DHIXWJ.jpg,0,fake
KB7WC131HT.jpg,0,fake
8M6X94NJNC.jpg,0,fake
HS3NMAF0K3.jpg,0,fake
FXXVR5FHRI.jpg,0,fake
MHGXNZA384.jpg,0,fake
NBPGGDF33B.jpg,0,fake
793QUAE5Z4.jpg,0,fake
3739Q7ZW1D.jpg,0,fake
0HSKZ89627.jpg,0,fake
CVVIVY9PJ7.jpg,0,fake
W056DWW50R.jpg,0,fake
0X8NHE29YW.jpg,0,fake
G8MG0FSFHH.jpg,0,fake
1NB96O4O6C.jpg,0,fake
UGPHZK2EEH.jpg,0,fake
L4JOZS03M8.jpg,0,fake
1AAUUDKQCZ.jpg,0,fake
JTWRG0DQNW.jpg,0,fake
2SNBN15T9O.jpg,0,fake
9C0UABN3LH.jpg,0,fake
OU32HJXW2G.jpg,0,fake
CTVOPDBWV9.jpg,0,fake
T07NQHCKSW.jpg,0,fake
A8YVU4ZJLB.jpg,0,fake
YTT7GCDO6N.jpg,0,fake
GHQ24WVGGO.jpg,0,fake
X3N4ZYSL8L.jpg,0,fake
E490W01ZOO.jpg,0,fake
01HUIAWIOM.jpg,0,fake
60DWE1B8WA.jpg,0,fake
X7V360CP29.jpg,0,fake
1JFEON2M1O.jpg,0,fake
ZYW8LXMNIS.jpg,0,fake
K32H9LXYL4.jpg,0,fake
PIDPR3809W.jpg,0,fake
A3NQ8TGCSR.jpg,0,fake
42AUUDNIFU.jpg,0,fake
N2O6C7ZHVD.jpg,0,fake
HFMIAZ85C8.jpg,0,fake
71P7HCNKOH.jpg,0,fake
6MZW1G0X2Y.jpg,0,fake
Y7WJ7QG24H.jpg,0,fake
76E9RFLQCZ.jpg,0,fake
MIRRYHO0BG.jpg,0,fake
UYS0CV19CD.jpg,0,fake
FVC29GBDHE.jpg,0,fake
UND8WQMR8C.jpg,0,fake
HWOYQIGYQK.jpg,0,fake
BI36AOLEDE.jpg,0,fake
9C5C7MG4P6.jpg,0,fake
HXD1DOCM8K.jpg,0,fake
YM0HATL1E3.jpg,0,fake
0KYFZGOY26.jpg,0,fake
H2L2RN7NI9.jpg,0,fake
QW73BJNS8G.jpg,0,fake
WY1E03IUY2.jpg,0,fake
EWWR5BCYK7.jpg,0,fake
XX13X94E77.jpg,0,fake
8ZJN3GPIJW.jpg,0,fake
KHS2NLWMOY.jpg,0,fake
P0JT0JDV88.jpg,0,fake
GSPDGMOEM9.jpg,0,fake
W5D8PCUJEY.jpg,0,fake
CRYLX4X2XS.jpg,0,fake
HEIGD3YC3K.jpg,0,fake
D3LTA88A9O.jpg,0,fake
P0GSLG3MIY.jpg,0,fake
OP9CG1KHHS.jpg,0,fake
7GKNFMKQMB.jpg,0,fake
IH9V46O8QJ.jpg,0,fake
N3AQZ9V4L3.jpg,0,fake
E7K26IJLX9.jpg,0,fake
47I3O89R3N.jpg,0,fake
T5U2497573.jpg,0,fake
FNIEQ53V6M.jpg,0,fake
SCVOAYJ68P.jpg,0,fake
ZURUCGMDZE.jpg,0,fake
H4LL6UWQO8.jpg,0,fake
QALJOJ5G3B.jpg,0,fake
PG6R5QJ6OH.jpg,0,fake
RANDKN4IZU.jpg,0,fake
7LZ58B6EGI.jpg,0,fake
57YDWLOHF4.jpg,0,fake
8ZYI37L4M7.jpg,0,fake
QL2BWWNC4E.jpg,0,fake
H9VNPRXB3T.jpg,0,fake
KTU1IZH9LL.jpg,0,fake
VNX66Y2DFW.jpg,0,fake
DJVSTJUNNT.jpg,0,fake
LE6Q1MXSQ0.jpg,0,fake
WSPDQLR11Z.jpg,0,fake
KDV2MS1HSO.jpg,0,fake
PWBE4N5FJ4.jpg,0,fake
75AN6I6PBM.jpg,0,fake
92A1GEVLR1.jpg,0,fake
08SW0RCTAU.jpg,0,fake
TKILH79TNB.jpg,0,fake
I7B71BIS5L.jpg,0,fake
HDRVG41DM0.jpg,0,fake
QHR1MDYUI8.jpg,0,fake
WBGSYMDEAY.jpg,0,fake
GVIE9LGZP5.jpg,0,fake
TRPYDDYDCI.jpg,0,fake
U4MZB4EQGL.jpg,0,fake
6OPEEQUCYV.jpg,0,fake
B8DYBJOP0P.jpg,0,fake
SL7RZ72E55.jpg,0,fake
LGP7YCC1TH.jpg,0,fake
1PACL3R1PT.jpg,0,fake
RRUNQEDUFU.jpg,0,fake
9C615P8TL1.jpg,0,fake
AHJ1Y4AVJM.jpg,0,fake
MCX62EY3QL.jpg,0,fake
B5XWXTHTOW.jpg,0,fake
62IPUSRUSM.jpg,0,fake
TTGWA9UCJ9.jpg,0,fake
AB84RG17DG.jpg,0,fake
DFYHUQGVRJ.jpg,0,fake
VQRLTQ9EYG.jpg,0,fake
HXNK5X55VK.jpg,0,fake
FAE1S0DP3E.jpg,0,fake
DF3VJDSVB0.jpg,0,fake
OPB5CB2UKM.jpg,0,fake
GKX8DPT2PB.jpg,0,fake
UPNR4Z6U6T.jpg,0,fake
V8PIZ83J8Z.jpg,0,fake
2R7FXFG3LT.jpg,0,fake
BRZFZU9C0M.jpg,0,fake
8U3K9Q5AJH.jpg,0,fake
V9Q9D6JH33.jpg,0,fake
PUOJVHLUB0.jpg,0,fake
ZENSIZ6XJO.jpg,0,fake
P9CRHON24T.jpg,0,fake
9JZE28MAW0.jpg,0,fake
0WO53Z9WD6.jpg,0,fake
TYUZTEGLLT.jpg,0,fake
4O4OWNKYRL.jpg,0,fake
1AS5B6OS9I.jpg,0,fake
56PENCOWDM.jpg,0,fake
U8NESNWPLV.jpg,0,fake
M0UEG7ZXIE.jpg,0,fake
5UT1SVIEYE.jpg,0,fake
117V2K8KG1.jpg,0,fake
1JX8KWGZAP.jpg,0,fake
L606AHF00P.jpg,0,fake
LLRKAPU5K7.jpg,0,fake
X1LVHHJ121.jpg,0,fake
UPOZARTGB7.jpg,0,fake
KS098PEJ12.jpg,0,fake
HO8WWFIE80.jpg,0,fake
364VEI44W7.jpg,0,fake
EMWM0UQ270.jpg,0,fake
FG6ZM1MTZL.jpg,0,fake
QG5WIXRVJ3.jpg,0,fake
MN7XX6S5PJ.jpg,0,fake
TSFS7F6Z0D.jpg,0,fake
WE0TQBP2EY.jpg,0,fake
DPUKSPUI3J.jpg,0,fake
96IOH6CFDC.jpg,0,fake
74B1G01U6V.jpg,0,fake
7OF5RZ1DUD.jpg,0,fake
1IKDD8WRGZ.jpg,0,fake
VFGO1PKGJ4.jpg,0,fake
FZJ01NRMSM.jpg,0,fake
RBHTVYW8XW.jpg,0,fake
K4JA4YGSP1.jpg,0,fake
W09G49Z7MF.jpg,0,fake
Q4X2SIEBJC.jpg,0,fake
210D7BHDXU.jpg,0,fake
ZRRZGIJSIO.jpg,0,fake
KKU4PAR8O7.jpg,0,fake
HVS1UN9PZJ.jpg,0,fake
GVX6UJCCL9.jpg,0,fake
Y8L7EATS8B.jpg,0,fake
RM25ADI2GE.jpg,0,fake
CSIMFKJ3GH.jpg,0,fake
V1O0SFCCXD.jpg,0,fake
8G35LB2G1A.jpg,0,fake
TJFWPNSECT.jpg,0,fake
QXVN9321FU.jpg,0,fake
VY0DF8995J.jpg,0,fake
H8WRND9RNQ.jpg,0,fake
ROE0FWYLFR.jpg,0,fake
B0NOAIT23J.jpg,0,fake
H78Z5GK59L.jpg,0,fake
YXNDVB8F9M.jpg,0,fake
5NYURKFPUA.jpg,0,fake
7ODX1CH4KK.jpg,0,fake
4H8OASZBQX.jpg,0,fake
RFZ1SHSILI.jpg,0,fake
G975NGCOQM.jpg,0,fake
38H2NYUDDI.jpg,0,fake
AJVN6IOIZW.jpg,0,fake
YB7HCTA0EB.jpg,0,fake
88S30UXL3E.jpg,0,fake
8BT65PKMR2.jpg,0,fake
HHPYK6QLKH.jpg,0,fake
PP5IAY9QLD.jpg,0,fake
LV8GI8ECX5.jpg,0,fake
8HY41PY6HA.jpg,0,fake
QQJMJXHR3N.jpg,0,fake
1K97Y0YQ64.jpg,0,fake
VRF9KKP4ND.jpg,0,fake
Y8UX0OSV0Q.jpg,0,fake
A19NCPDYQ7.jpg,0,fake
5DZUB3FSHC.jpg,0,fake
8JO0REEL4Z.jpg,0,fake
0KT98O0HOS.jpg,0,fake
2GZK9EFXFN.jpg,0,fake
HQN01Q4ZFA.jpg,0,fake
3102AV5PGZ.jpg,0,fake
JNGPLJF8ZE.jpg,0,fake
7RWGKKKAAW.jpg,0,fake
SDXLO7BSGO.jpg,0,fake
7067UOV06M.jpg,0,fake
O6U6HSFRZJ.jpg,0,fake
9WNILJREZ4.jpg,0,fake
TLXHSHICQ0.jpg,0,fake
85NNE8F6KM.jpg,0,fake
9ELSMFJ4QT.jpg,0,fake
TG7BJ0JDEJ.jpg,0,fake
KDQME1EIYM.jpg,0,fake
3H2II77EMO.jpg,0,fake
GFRKTF79CL.jpg,0,fake
XPWQDQQ579.jpg,0,fake
BDEH3TDSQ6.jpg,0,fake
S1D8G9AFMH.jpg,0,fake
NO30HNJJS8.jpg,0,fake
V96MNVY3PR.jpg,0,fake
AI5RKSLQ4F.jpg,0,fake
P9K78Q7L7M.jpg,0,fake
DNS9CXS3EC.jpg,0,fake
SFHAVROSVM.jpg,0,fake
R6FM4W9HH9.jpg,0,fake
0PH3QLS8XO.jpg,0,fake
MLUUFXFLXK.jpg,0,fake
2GMNDUA2N6.jpg,0,fake
K7WFV2C650.jpg,0,fake
54TR3WCK15.jpg,0,fake
60MZ647A29.jpg,0,fake
11QYN7M17E.jpg,0,fake
GUH9TOLHFI.jpg,0,fake
MOI5OFJ4Y5.jpg,0,fake
6ACJM6XXCA.jpg,0,fake
45MMWQMJ2E.jpg,0,fake
RUM2MJ44GE.jpg,0,fake
1DS7DCO11X.jpg,0,fake
6V0INXG0TJ.jpg,0,fake
VFW22P7ME5.jpg,0,fake
2D3KAX2H0K.jpg,0,fake
N9QZ8V0L43.jpg,0,fake
AGX3T0Y2QB.jpg,0,fake
CO71WWM141.jpg,0,fake
AP1PN7UNZD.jpg,0,fake
3Q2FVMTR4C.jpg,0,fake
XOJM07AJK2.jpg,0,fake
ET8HKO0QKL.jpg,0,fake
F5CVBFKDXT.jpg,0,fake
8XDELL074Q.jpg,0,fake
FOY1ALXEDU.jpg,0,fake
AQ3V4LVXM8.jpg,0,fake
A6V3B3FIHR.jpg,0,fake
0QPXAZEY3U.jpg,0,fake
THW0SOFX5J.jpg,0,fake
NY4MNQ56HE.jpg,0,fake
02P5FJ8I1D.jpg,0,fake
5C1HWO9LEI.jpg,0,fake
HCRWOU7TRT.jpg,0,fake
WFLN019N68.jpg,0,fake
T562Z9VHWW.jpg,0,fake
K8TRUS6TVV.jpg,0,fake
SCTUM08BGY.jpg,0,fake
T12Q4G9Y9E.jpg,0,fake
K4Y4ATFN6X.jpg,0,fake
KKAROOBHJ9.jpg,0,fake
1RTR12VZAW.jpg,0,fake
HHWRKBPIMR.jpg,0,fake
EZOPHA495I.jpg,0,fake
29I54OJ8AD.jpg,0,fake
PP1TK6V2WD.jpg,0,fake
HOUB898HK5.jpg,0,fake
U6YCDBN99S.jpg,0,fake
KH3LJPXABW.jpg,0,fake
QXYUXP9O45.jpg,0,fake
5DIJ0KLS9U.jpg,0,fake
IVPZG9K9O6.jpg,0,fake
6BSN7CJ3ST.jpg,0,fake
QEHQ47WUYV.jpg,0,fake
18LWWHFAKQ.jpg,0,fake
3DD3428MCN.jpg,0,fake
QACTIR1PAU.jpg,0,fake
8IEK27ULT4.jpg,0,fake
XR2LELVQEI.jpg,0,fake
DCPGL4OM0C.jpg,0,fake
SQ9014B6Q3.jpg,0,fake
NHAEHDCVAM.jpg,0,fake
8KN10FBR0L.jpg,0,fake
HMRKDSWKUX.jpg,0,fake
CP8VPG48VZ.jpg,0,fake
ISK8VB5KWH.jpg,0,fake
B4Y8FJ68VM.jpg,0,fake
FUPTJQP2X1.jpg,0,fake
3QU4JP4M3U.jpg,0,fake
EXALAETEK0.jpg,0,fake
HBAYJQJLYR.jpg,0,fake
MOF42RA0EY.jpg,0,fake
915W76TT7F.jpg,0,fake
24VHZAICCG.jpg,0,fake
CN8ZRPH2WK.jpg,0,fake
ISSQU8ZXUT.jpg,0,fake
9RHMZ8RZH1.jpg,0,fake
P854K4KQ11.jpg,0,fake
JCDSPGEYHF.jpg,0,fake
VEBVEA9JG8.jpg,0,fake
ZS4A1ULV0K.jpg,0,fake
1XCPUUXRI2.jpg,0,fake
R00PMZP2NG.jpg,0,fake
W7FRJIDKO9.jpg,0,fake
FJ6UR3QM41.jpg,0,fake
K5U0MEI5EO.jpg,0,fake
F8B2YFI1HU.jpg,0,fake
L66SHBF42H.jpg,0,fake
CGOJ9VJWBJ.jpg,0,fake
GYSC1IKTUI.jpg,0,fake
BCVHT90PKS.jpg,0,fake
B4XYO0RBX9.jpg,0,fake
HQVKI6QN45.jpg,0,fake
W79MOV72XN.jpg,0,fake
YOMEA5XHHE.jpg,0,fake
CDR0J7YU3G.jpg,0,fake
NRUD9MH3B8.jpg,0,fake
0WJ7J3TE3R.jpg,0,fake
YIRUQZG39P.jpg,0,fake
IJAEKX60RN.jpg,0,fake
0TJX811FP4.jpg,0,fake
XIBS564VR8.jpg,0,fake
8AN9BGKOAR.jpg,0,fake
EBZMMWV2N3.jpg,0,fake
IWJWWWNLZ5.jpg,0,fake
RTBX3HFBHD.jpg,0,fake
MEPN634NJQ.jpg,0,fake
AMOQDW4DJB.jpg,0,fake
TZMOF115F3.jpg,0,fake
5YE8W6WWEE.jpg,0,fake
XB8FCR2VSR.jpg,0,fake
ITKBS08669.jpg,0,fake
SHGJ8XCDHG.jpg,0,fake
J0ISR6A7N8.jpg,0,fake
TRN1HA2L5L.jpg,0,fake
SB9T0FV6I6.jpg,0,fake
2I44AE50IR.jpg,0,fake
IBTRKBOI6X.jpg,0,fake
WSEC4C58II.jpg,0,fake
A5O9ZTMLTT.jpg,0,fake
OT9LKH1N6A.jpg,0,fake
OTHLYJ9G9U.jpg,0,fake
3XBX3NX1DT.jpg,0,fake
WFPOOCJH7Z.jpg,0,fake
XU1X5HHBFM.jpg,0,fake
CGTDIVTSAT.jpg,0,fake
3AYFR9FOU7.jpg,0,fake
JJ591N3Z48.jpg,0,fake
8HAQK6GM34.jpg,0,fake
C6IL8TAWUE.jpg,0,fake
B4N8F0Q1NQ.jpg,0,fake
2OQ8DA9MU3.jpg,0,fake
UHCL6Q2IK0.jpg,0,fake
52QXABYQFB.jpg,0,fake
10OTKKARVE.jpg,0,fake
8WVI7FF8F6.jpg,0,fake
LCV1071ILZ.jpg,0,fake
N0B8O1CO9F.jpg,0,fake
FXIOEAGUQR.jpg,0,fake
ZSRQ859YDA.jpg,0,fake
FBY5X66SSK.jpg,0,fake
VJN66T4F5B.jpg,0,fake
0YJG9QBYQZ.jpg,0,fake
MLVYNDQVWO.jpg,0,fake
V6BI9J6L54.jpg,0,fake
V6V9ZAL0DE.jpg,0,fake
BZP1RY6DY2.jpg,0,fake
8GXK9C9BQB.jpg,0,fake
HQB4JCCUJQ.jpg,0,fake
0AIFZB4IE6.jpg,0,fake
MXY4RKML4R.jpg,0,fake
TZMDUIO0M4.jpg,0,fake
P7PGPKX97N.jpg,0,fake
A9T9Y5E5PZ.jpg,0,fake
O5YVLJUR0R.jpg,0,fake
3NAXNHN8AI.jpg,0,fake
10I2FJWDO6.jpg,0,fake
521B3W8QMC.jpg,0,fake
DQLS6RE1FX.jpg,0,fake
P3NUU50FI6.jpg,0,fake
8NC0C32PF6.jpg,0,fake
SFG0RGAMDB.jpg,0,fake
556O1KDQ5H.jpg,0,fake
AUAA8CIIR4.jpg,0,fake
7STINPHZLE.jpg,0,fake
1DSWRV3Y1T.jpg,0,fake
MXA78IXC05.jpg,0,fake
PPY37IHN4W.jpg,0,fake
BVS3TLRA26.jpg,0,fake
25ZAR8Z9IJ.jpg,0,fake
5E4O3CGYPE.jpg,0,fake
NZATIOW6E2.jpg,0,fake
8T0ARGJW01.jpg,0,fake
L6ZE0J5OWA.jpg,0,fake
WC7XTJ2QWE.jpg,0,fake
07BOLH95EX.jpg,0,fake
E9A7FH0P2M.jpg,0,fake
B2NWJ0QCM5.jpg,0,fake
PQD8RFT040.jpg,0,fake
5O4UGVXPID.jpg,0,fake
S7S1IO5XRA.jpg,0,fake
CIY3028CQF.jpg,0,fake
GO1RAG4J9H.jpg,0,fake
043RCT8H0W.jpg,0,fake
68E2R7CYHV.jpg,0,fake
MJNF202A2C.jpg,0,fake
23RESGK08E.jpg,0,fake
EG7USG8Z66.jpg,0,fake
ITTI7N7Z9T.jpg,0,fake
TDB1H735A3.jpg,0,fake
KVKRV0RFU6.jpg,0,fake
103DKWE45D.jpg,0,fake
HC9BO1UQBT.jpg,0,fake
4A7XBU10N2.jpg,0,fake
SHT2L3QKOS.jpg,0,fake
KB3PXPJ01W.jpg,0,fake
LOZR1GJ3OG.jpg,0,fake
TIDKB7V8YR.jpg,0,fake
X9N7PATQJO.jpg,0,fake
BWSA3ESR1O.jpg,0,fake
91YNUCMFZZ.jpg,0,fake
G66GAWOXV6.jpg,0,fake
CKDYAORD4C.jpg,0,fake
QSU5IB5K0V.jpg,0,fake
NN1E6XONSN.jpg,0,fake
ELEADWKGRH.jpg,0,fake
4W27M1LSDC.jpg,0,fake
A6DTXEWQCK.jpg,0,fake
AOW5P2CHTX.jpg,0,fake
Q7JRT7R1IV.jpg,0,fake
FR9I4H8UJ2.jpg,0,fake
S50I0ID3UB.jpg,0,fake
75TY3GOTWV.jpg,0,fake
PJQ6NI8N7O.jpg,0,fake
CS3GQXPV23.jpg,0,fake
RR8PDQRJKM.jpg,0,fake
UFW10OLJ9K.jpg,0,fake
0X1XXD9KT8.jpg,0,fake
C6CMR6OAH5.jpg,0,fake
9D6KZ4R3H4.jpg,0,fake
MEHFN78YZ0.jpg,0,fake
B1LM9B5OHH.jpg,0,fake
7BISELDQZ4.jpg,0,fake
3X12GUTFZJ.jpg,0,fake
VGIFAXQL2D.jpg,0,fake
HNLSWBFKMW.jpg,0,fake
H1EVYCLQ0Z.jpg,0,fake
NQA3HZ82QK.jpg,0,fake
H0QU157RFE.jpg,0,fake
YPPQW1OSDE.jpg,0,fake
54H8Y0WZOJ.jpg,0,fake
GSNXJ3VMPL.jpg,0,fake
WL9X6QJUOY.jpg,0,fake
92JGC1GNGS.jpg,0,fake
98V7ZL3CXJ.jpg,0,fake
XWQLLPOOJL.jpg,0,fake
9FY0F6N45V.jpg,0,fake
4T6XPCJEJW.jpg,0,fake
WQFLPLJW0Z.jpg,0,fake
ESL8DVJ2J6.jpg,0,fake
0Q0S6UMK25.jpg,0,fake
G8PSRGA763.jpg,0,fake
IYUXONKH2B.jpg,0,fake
BR1RQO3WEP.jpg,0,fake
0UHN1BZZ9B.jpg,0,fake
BPPDQXB9Q4.jpg,0,fake
G2RO1SFIQY.jpg,0,fake
TUJX90NDNZ.jpg,0,fake
VZXUVG9FHV.jpg,0,fake
HGAUW9KM7P.jpg,0,fake
3531I3M5NT.jpg,0,fake
6OBLS6TEGH.jpg,0,fake
FJ4YL8Q4F9.jpg,0,fake
DE111X6N4M.jpg,0,fake
L0D2GFUD43.jpg,0,fake
HX3IVXLTFV.jpg,0,fake
1WOL23E95G.jpg,0,fake
EY82EU7D7W.jpg,0,fake
TN47005WK3.jpg,0,fake
9OQNY7NASS.jpg,0,fake
ZRIVJZN7OT.jpg,0,fake
URRXU44TI1.jpg,0,fake
FS20W575H4.jpg,0,fake
O4V3OY1ZR7.jpg,0,fake
C9B3DYGQFE.jpg,0,fake
M96KAN23PP.jpg,0,fake
8CHYFIL4SA.jpg,0,fake
4OZEBFVDML.jpg,0,fake
Q4S1A8LW33.jpg,0,fake
XXPLB2O1G7.jpg,0,fake
QBJPG63EM0.jpg,0,fake
AYBNH5TE00.jpg,0,fake
605UBUHJ79.jpg,0,fake
7DSFTVG470.jpg,0,fake
KPPBO8HM9G.jpg,0,fake
HCJ7BLSILU.jpg,0,fake
QBADTZ2HHA.jpg,0,fake
M6Z423786U.jpg,0,fake
IBIDOOLA7C.jpg,0,fake
M45U1N8VXZ.jpg,0,fake
A60YBAGQOQ.jpg,0,fake
38XVOI4HJ4.jpg,0,fake
6E1XK3OE3Y.jpg,0,fake
NY63GQGJTI.jpg,0,fake
OKAZRBYOPQ.jpg,0,fake
GO1TKV9YCB.jpg,0,fake
TR1K0AP2UX.jpg,0,fake
IX4HR9AEME.jpg,0,fake
267ZYQNGUL.jpg,0,fake
36GX01RE6N.jpg,0,fake
F2QBAR4O7C.jpg,0,fake
EN47NZI8BU.jpg,0,fake
PSKEG3WLEJ.jpg,0,fake
992ANOBR98.jpg,0,fake
Y6M7MB1V7L.jpg,0,fake
RDT8MR71QP.jpg,0,fake
LZ2MDS8DEB.jpg,0,fake
TA7L0ELDH1.jpg,0,fake
VM6PNDGQK6.jpg,0,fake
DRDUDZGKPJ.jpg,0,fake
5VKDGSD5S8.jpg,0,fake
TRG3GW8UIN.jpg,0,fake
VXALJ6IJRZ.jpg,0,fake
35T5FNLNWI.jpg,0,fake
E8UB81Y907.jpg,0,fake
QGGY5WDDAC.jpg,0,fake
RMDQUT546G.jpg,0,fake
ZX05RA2YMD.jpg,0,fake
YIK6RPGTQV.jpg,0,fake
QEW0T3R9O5.jpg,0,fake
ODY603PO6R.jpg,0,fake
3774Q7V59B.jpg,0,fake
9W0XI3Q2ZQ.jpg,0,fake
SKGVS3M70H.jpg,0,fake
4LRJ806EXK.jpg,0,fake
8SMWEQDOB4.jpg,0,fake
4OP5V77ZFW.jpg,0,fake
P2C52NRDJZ.jpg,0,fake
H932MCKEU5.jpg,0,fake
43FR9LBG8V.jpg,0,fake
A9TZ2WUWIW.jpg,0,fake
QTWL9B0HJ5.jpg,0,fake
XOSIJS98DS.jpg,0,fake
Z8WOHPW8BW.jpg,0,fake
YE5RAMIEOE.jpg,0,fake
UZC07HQPUZ.jpg,0,fake
FV8S1QKXIE.jpg,0,fake
BVVKK1UQTW.jpg,0,fake
XKZGIDRLKS.jpg,0,fake
7TAWAABOK1.jpg,0,fake
RCRUGTD8XW.jpg,0,fake
6XLVLXE0IK.jpg,0,fake
SSXOY62UQ7.jpg,0,fake
60FSB1BKEI.jpg,0,fake
F7WE8G9DMH.jpg,0,fake
LQSSCA0GNJ.jpg,0,fake
FK0FKS7CNX.jpg,0,fake
W5TH2JYNMA.jpg,0,fake
J121G9PTR3.jpg,0,fake
ZV4LCOHBXF.jpg,0,fake
MHMY7T7AHT.jpg,0,fake
J2J3Q7F1VJ.jpg,0,fake
5V0K7JVHQC.jpg,0,fake
MB58694N1V.jpg,0,fake
2JECXS3T39.jpg,0,fake
IHZOQFSFMW.jpg,0,fake
L0HM1XNJ3Z.jpg,0,fake
L9WJT3HRVK.jpg,0,fake
5MLA1ZAGB8.jpg,0,fake
170FRCXZ02.jpg,0,fake
HIZJZMMSQQ.jpg,0,fake
CS82YIFCQ2.jpg,0,fake
Z40GVM6O2H.jpg,0,fake
XRAFV50WME.jpg,0,fake
R2VWYSAZOG.jpg,0,fake
O3QUT6Z7GE.jpg,0,fake
6HCQK0FO3N.jpg,0,fake
EISA5E2VJ3.jpg,0,fake
VUSHIBO21K.jpg,0,fake
NZI0H2GSHL.jpg,0,fake
HV4CE69KWI.jpg,0,fake
H2305WDFRO.jpg,0,fake
6SY3DBVYN8.jpg,0,fake
L0T91ZV215.jpg,0,fake
4DINYBILWQ.jpg,0,fake
N73Y9ETSNP.jpg,0,fake
2OZ0XFJHK1.jpg,0,fake
SA4C6HZDG2.jpg,0,fake
23UXGFOUQ4.jpg,0,fake
4WOXESZWUB.jpg,0,fake
QLEJFBYAGX.jpg,0,fake
7TXZ4EZB2V.jpg,0,fake
ZZ7EVNZP64.jpg,0,fake
IYYTDBMLDR.jpg,0,fake
BRY1LCIPU4.jpg,0,fake
98D2O26NBO.jpg,0,fake
B1XYWSPYGQ.jpg,0,fake
64BFIV5I2W.jpg,0,fake
PD0CRHNAN3.jpg,0,fake
J7DSF5NY7V.jpg,0,fake
INA7YHDN8A.jpg,0,fake
EZH9SAU5NE.jpg,0,fake
WD2RKE9FVX.jpg,0,fake
VUTMMSWBIC.jpg,0,fake
4ZDRY40FWM.jpg,0,fake
G4CTGEF66P.jpg,0,fake
Q0Q2O7MIS6.jpg,0,fake
OCOUF13EN7.jpg,0,fake
BRKE7RA2WV.jpg,0,fake
HM9DMAQXXZ.jpg,0,fake
0B925CPFSK.jpg,0,fake
A86UWUZQ8J.jpg,0,fake
9UJL8UPQSB.jpg,0,fake
E3IPM5NFIZ.jpg,0,fake
ATMJU5Z504.jpg,0,fake
2CFM7X9TDE.jpg,0,fake
4BCVED10CM.jpg,0,fake
2T13E2DYNX.jpg,0,fake
9UEIADQ797.jpg,0,fake
ELKIRHCYNY.jpg,0,fake
1IB5RNN6VN.jpg,0,fake
4Q8BG7XFCS.jpg,0,fake
HCB1OAOUU4.jpg,0,fake
ZGWSUD0JUI.jpg,0,fake
HU41DHE0GA.jpg,0,fake
3TMWT6ST0C.jpg,0,fake
6N0CO5I9MH.jpg,0,fake
L22MUUUN54.jpg,0,fake
A3X2SKA7N5.jpg,0,fake
GKCNQFXMF1.jpg,0,fake
TIFWY6MIVP.jpg,0,fake
HB2K7MU4RN.jpg,0,fake
W3HC24DMVL.jpg,0,fake
A3LXUTHC9Z.jpg,0,fake
4QP1IGDYCS.jpg,0,fake
T4TL8RF9BI.jpg,0,fake
VWQDQ6Z7Y0.jpg,0,fake
XUS394I3OL.jpg,0,fake
O8EMDPYUB3.jpg,0,fake
FDA8WQC7SY.jpg,0,fake
ZA87KHW7Y0.jpg,0,fake
XMFY0P6Y97.jpg,0,fake
PDQRAMJKF8.jpg,0,fake
MB6VH6U7K0.jpg,0,fake
GCJY881ITB.jpg,0,fake
SDHNHRJO4A.jpg,0,fake
B8CA1K2O3F.jpg,0,fake
RC7W90VBGL.jpg,0,fake
F5NOCIPYZ5.jpg,0,fake
6PFVXCG4IX.jpg,0,fake
W527COVG9R.jpg,0,fake
SHOMT46LM2.jpg,0,fake
8BPRYS75EU.jpg,0,fake
MAAN48Y5KR.jpg,0,fake
GFN88RWDUT.jpg,0,fake
B51KK2S5GL.jpg,0,fake
G7BM3AV1M2.jpg,0,fake
TWTBX0N8DB.jpg,0,fake
KKKLSUDQCF.jpg,0,fake
EEHN6PKITA.jpg,0,fake
35LVREE2GA.jpg,0,fake
G4OFKTB7CS.jpg,0,fake
WB9Q73QL2Z.jpg,0,fake
8A6OFAFRG4.jpg,0,fake
D235VLFIM4.jpg,0,fake
B49MH1HMSK.jpg,0,fake
IN05CB1OM2.jpg,0,fake
RCQV2074ZO.jpg,0,fake
AYIVG2SZ06.jpg,0,fake
AN3TCSCHRH.jpg,0,fake
B8S9AKPJW5.jpg,0,fake
KVSJ12DLHU.jpg,0,fake
FM15RG9PEP.jpg,0,fake
73LT2P1M1F.jpg,0,fake
6LAD853Q8S.jpg,0,fake
CIW6L52ECX.jpg,0,fake
ZO0W5J5VYZ.jpg,0,fake
JF4XOG9W7C.jpg,0,fake
OY1VHSZFHX.jpg,0,fake
Q70UICYIB5.jpg,0,fake
W6GNFN2K8B.jpg,0,fake
TUPWA9R4PY.jpg,0,fake
GD30C7XSSP.jpg,0,fake
W5CX5V3MN1.jpg,0,fake
TM49RC7Y64.jpg,0,fake
KQKDZD39NO.jpg,0,fake
5FGMU49EOV.jpg,0,fake
SEPCZJP8TN.jpg,0,fake
JN0UOYAWMI.jpg,0,fake
9I91AOMHUN.jpg,0,fake
3MQR3EC9H8.jpg,0,fake
S85IJX3M3X.jpg,0,fake
Z4Q7EWL3BO.jpg,0,fake
EFYAKP1E4V.jpg,0,fake
5WPQKCHHET.jpg,0,fake
AEIL5CAMT0.jpg,0,fake
KUOCCOERFU.jpg,0,fake
Z84C1DEY9V.jpg,0,fake
KLAG4304KY.jpg,0,fake
5P8A4UWHJM.jpg,0,fake
GDN6P1WRF9.jpg,0,fake
URLE85BBZ8.jpg,0,fake
69HP50NQBW.jpg,0,fake
AOEJ7LLMHA.jpg,0,fake
IJU721M4SS.jpg,0,fake
087X35SBQT.jpg,0,fake
X0GGTZEI8A.jpg,0,fake
CUM6YG4NS3.jpg,0,fake
UW39EA0106.jpg,0,fake
L533P2MFHD.jpg,0,fake
HV62MULJQR.jpg,0,fake
CU935MKKBP.jpg,0,fake
53XI9MPT3L.jpg,0,fake
YIQHWK26NA.jpg,0,fake
2D3TH1I9JX.jpg,0,fake
8MQA085HRV.jpg,0,fake
WB1V29ZR5Y.jpg,0,fake
V3FSM9S8MP.jpg,0,fake
KFB7Y9S2NR.jpg,0,fake
Q1AA9ZSHVW.jpg,0,fake
18GA7TAXZ7.jpg,0,fake
2O6C0UY6BB.jpg,0,fake
B3M3YG29DO.jpg,0,fake
QHFGUAQXPX.jpg,0,fake
IL819W7GLM.jpg,0,fake
DH1N84K61B.jpg,0,fake
DWSEFQHLBN.jpg,0,fake
FELP81WCLP.jpg,0,fake
IRBI2MOZJJ.jpg,0,fake
9R99EWNJOI.jpg,0,fake
SPODJ4LHOL.jpg,0,fake
UBHOVPBPYH.jpg,0,fake
F19R9SXD0U.jpg,0,fake
4S4B1NQ6BY.jpg,0,fake
NG24CIS20Q.jpg,0,fake
WXDXWBCPLU.jpg,0,fake
NIZZ33IUNK.jpg,0,fake
DBNGFY2HEP.jpg,0,fake
1XC0MTLX3I.jpg,0,fake
3IKM2T3V94.jpg,0,fake
1367M3O9KE.jpg,0,fake
C5CDEML0K5.jpg,0,fake
RAPBVGM8K9.jpg,0,fake
PH2D5HJCFL.jpg,0,fake
LAO458713K.jpg,0,fake
TIWMA9FPKN.jpg,0,fake
MIM8TSAP37.jpg,0,fake
R8WEVAI54O.jpg,0,fake
BYBCOG9RGR.jpg,0,fake
2YI9KYO93C.jpg,0,fake
J2P6T1V8LZ.jpg,0,fake
0TKVZVUQRH.jpg,0,fake
BI3EUEN2KA.jpg,0,fake
14WB12NX5W.jpg,0,fake
P3XGYUP8XX.jpg,0,fake
ZEEIEPN3VL.jpg,0,fake
9SEH9VERAA.jpg,0,fake
REIGSQF12U.jpg,0,fake
9ALLZUSBY4.jpg,0,fake
RS17VPVVXL.jpg,0,fake
VFW3IAITGX.jpg,0,fake
05NKG6NJ0U.jpg,0,fake
0NZVBZ17MN.jpg,0,fake
041TC2RNSZ.jpg,0,fake
5G7G7BKBYW.jpg,0,fake
7VPCQNGJVX.jpg,0,fake
1USM9N17CA.jpg,0,fake
UWICQDYFHP.jpg,0,fake
YRLZFEQDG9.jpg,0,fake
16VJHRR68K.jpg,0,fake
T1B4VIMOWY.jpg,0,fake
YZ3TDOARMI.jpg,0,fake
D6UGTGLF6X.jpg,0,fake
OMJWYIBW27.jpg,0,fake
TG272MV3L4.jpg,0,fake
FQGAA0UZGT.jpg,0,fake
K8QM67LUNK.jpg,0,fake
MF10QKOA8D.jpg,0,fake
190MCO6LF4.jpg,0,fake
RSRWETQ6WO.jpg,0,fake
EEEO7VN8K1.jpg,0,fake
XPLGP5OO3F.jpg,0,fake
98HJQ1DUER.jpg,0,fake
3EZK015B0H.jpg,0,fake
AJW3D83RM2.jpg,0,fake
PBZYUO696W.jpg,0,fake
V5P1H41P81.jpg,0,fake
00TN6MYLOE.jpg,0,fake
4XCF087IWS.jpg,0,fake
8KI2CIOTPL.jpg,0,fake
FM739GS6MS.jpg,0,fake
GZ9F1YW1PL.jpg,0,fake
HJ4W86TX88.jpg,0,fake
0Q78XPW89C.jpg,0,fake
UMPXZ4RAHB.jpg,0,fake
GIUNCJ8NJ7.jpg,0,fake
45IDMJGJPK.jpg,0,fake
Z4FU4V91YF.jpg,0,fake
7FSE5EIIOL.jpg,0,fake
VJ2C2C0T21.jpg,0,fake
ITBD2UT20T.jpg,0,fake
612XGTGQYH.jpg,0,fake
OJQDKWNRAN.jpg,0,fake
SO8QVI1PU8.jpg,0,fake
022Y921TKX.jpg,0,fake
NH3G7AE4ZF.jpg,0,fake
0ZBVK6CPXQ.jpg,0,fake
R1PYSJXOKD.jpg,0,fake
SPQ389PFEO.jpg,0,fake
V5B2G96PNP.jpg,0,fake
173FU1Z2DU.jpg,0,fake
0XZKPRKBFW.jpg,0,fake
UGSFPFGI7L.jpg,0,fake
4I44RHDXYR.jpg,0,fake
6HFVAU06JF.jpg,0,fake
NDQHKVY7ZR.jpg,0,fake
QIM68T8YSA.jpg,0,fake
JTBJ851IX1.jpg,0,fake
3LUVO6EGIK.jpg,0,fake
9WMGKN9TIV.jpg,0,fake
KBQGYV3CTJ.jpg,0,fake
E6VYEN09T8.jpg,0,fake
YV9JM7UYF6.jpg,0,fake
53ANUM9JD9.jpg,0,fake
HQJH4NTZER.jpg,0,fake
L6RO5ZUF30.jpg,0,fake
N76ZWQ8GNB.jpg,0,fake
MQJIGB79MS.jpg,0,fake
ECH9NO8L5I.jpg,0,fake
KNJ3POGDSK.jpg,0,fake
VQ3UX9LTCQ.jpg,0,fake
AXKZAHF0LH.jpg,0,fake
49GUJH0F3G.jpg,0,fake
27IUZ57IPY.jpg,0,fake
HVX75DUDCA.jpg,0,fake
Z13QRFD27H.jpg,0,fake
AMR0BX0LMY.jpg,0,fake
1ERG2MMKJL.jpg,0,fake
WBRSYYJM5U.jpg,0,fake
4EDH7G5D22.jpg,0,fake
0E6C4CP8X0.jpg,0,fake
056F3HHA5C.jpg,0,fake
J9IL73HABY.jpg,0,fake
CWB5VUJBSR.jpg,0,fake
LH9O66GSRU.jpg,0,fake
08HYJ14KW3.jpg,0,fake
YELT2H8P9N.jpg,0,fake
ADT2KUA64L.jpg,0,fake
EJTRZA0FJS.jpg,0,fake
25F3F4OUKD.jpg,0,fake
MKZIOSEAD6.jpg,0,fake
LVC8XLI125.jpg,0,fake
